epoch_ns	p99_us
1787124785856595143	14471
1787124785957438696	13503
1787124786058216965	12263
1787124786179242130	16911
1787124786280075909	13199
1787124786360752665	12535
1787124786481661444	16991
1787124786562314448	19039
1787124786683287811	11871
1787124786804544267	14191
1787124786885241154	19199
1787124787006526422	24271
1787124787107518580	29839
1787124787208789539	17695
1787124787314000132	19247
1787124787415010043	15079
1787124787516117246	13471
1787124787618752411	15527
1787124787720331975	23535
1787124787824786206	24111
1787124787885491235	18751
1787124788007617290	19039
1787124788089510710	29439
1787124788150055039	24575
1787124788250949482	19023
1787124788351770844	12463
1787124788453110324	31247
1787124788574398078	15103
1787124788676837790	26095
1787124788757679476	22543
1787124788858854233	17887
1787124788959837902	19983
1787124789040694217	20639
1787124789162500768	22559
1787124789263585998	17487
1787124789364628241	15719
1787124789445519650	22479
1787124789546632379	23951
1787124789647733818	15991
1787124789769164849	14191
1787124789870217332	15367
1787124789971240570	18271
1787124790072411212	16447
1787124790153215392	19711
1787124790256133945	19343
1787124790449561471	109759
1787124790592979478	203007
1787124790677706872	245759
1787124790800423697	223359
1787124791042921352	547327
1787124791306145296	704511
1787124791407314776	817151
1787124791488311482	837631
1787124791589890697	829951
1787124791692579512	904191
1787124791774637267	768511
1787124791858533995	787967
1787124791965667896	838655
1787124792068554288	836607
1787124792129556770	1084415
1787124792231396497	1051647
1787124792374060261	1174527
1787124792476705589	870399
1787124792579546796	1485823
1787124792660752561	840191
1787124792762519760	1426431
1787124792846729404	1187839
1787124792947875676	1248255
1787124793049038523	1575935
1787124793151083871	1593343
1787124793234431868	1083391
1787124793315397751	1591295
1787124793580219036	1155071
1787124793641037770	1586175
1787124793742652724	1148927
1787124793904695423	1660927
1787124794009474054	1850367
1787124794111753791	1724415
1787124794214633449	1297407
1787124794318175387	1810431
1787124794379158055	1885183
1787124794503177733	1884159
1787124794604965101	1404927
1787124794666268644	1559551
1787124794789806206	1560575
1787124794893561831	1507327
1787124794954678470	1468415
1787124795098856165	1489919
1787124795200972100	1521663
1787124795303182509	1526783
1787124795365348591	1164287
1787124795448672916	1683455
1787124795572069937	1789951
1787124795676479810	1455103
1787124795777552859	1656831
1787124795863531683	1497087
1787124795944382648	1522687
1787124796068889147	1431551
1787124796195518954	1668095
1787124796256264037	1626111
1787124796502569012	1411071
1787124796566308063	1826815
1787124796709971794	1517567
1787124796792225847	1966079
1787124796898681954	1851391
1787124796982810644	1963007
1787124797170760395	1421311
1787124797252610609	1993727
1787124797376411211	2056191
1787124797459530782	1976319
1787124797605866225	2369535
1787124797688031998	2002943
1787124797770214795	1844223
1787124797873540370	1932287
1787124797995488006	1696767
1787124798056233085	2094079
1787124798159885631	1778687
1787124798263527769	1709055
1787124798365429125	1698815
1787124798446326525	2117631
1787124798630743692	2037759
1787124798692699137	2148351
1787124798856228314	1964031
1787124798918752211	2134015
1787124799022812642	2072575
1787124799125466303	2111487
1787124799227471201	2242559
1787124799335221248	1862655
1787124799416299465	1874943
1787124799477238003	2342911
1787124799661507007	2504703
1787124799806980767	2539519
1787124799908129494	2177023
1787124800009631499	2557951
1787124800090571827	2224127
1787124800197836495	2697215
1787124800299422053	2172927
1787124800400583767	2418687
1787124800502725088	2674687
1787124800583617294	2603007
1787124800726531415	2809855
1787124800787571036	2158591
1787124800910500774	2777087
1787124800971109351	2258943
1787124801093537821	2162687
1787124801196067550	2220031
1787124801278020970	2166783
1787124801439874403	2308095
1787124801540846177	2248703
1787124801642500528	2111487
1787124801744616298	2623487
1787124801825466685	2240511
1787124801926512239	2514943
1787124802211466883	1976319
1787124802312515674	2656255
1787124802396511630	2410495
1787124802517689497	2846719
1787124802598508351	2555903
1787124802680817566	2686975
1787124802784351467	2762751
1787124802909945698	3024895
1787124802971635326	2525183
1787124803137628111	2754559
1787124803262543885	2615295
1787124803388534957	2742271
1787124803472594855	2717695
1787124803575984506	2899967
1787124803680716206	2973695
1787124803783713261	2899967
1787124803886970097	2824191
1787124803969725507	2832383
1787124804076026565	3174399
1787124804177755034	2400255
1787124804283532790	2985983
1787124804344506244	2887679
1787124804448932013	2570239
1787124804555063195	2891775
1787124804657392708	2863103
1787124804781533062	2670591
1787124804884461640	2711551
1787124804985653668	2813951
1787124805066509429	2891775
1787124805187868953	2750463
1787124805289692078	2709503
1787124805392340234	3125247
1787124805514237532	2902015
1787124805618998189	3235839
1787124805701553244	3012607
1787124805804317311	3219455
1787124805925860043	2928639
1787124806047972124	3022847
1787124806129792468	3112959
1787124806234557335	2967551
1787124806355890299	2746367
1787124806436881712	2654207
1787124806559791393	2641919
1787124806640760091	2664447
1787124806743752376	2670591
1787124806824794324	2813951
1787124806926392589	2697215
1787124807029888500	2650111
1787124807092268076	2670591
1787124807456801738	3008511
1787124807539821775	2875391
1787124807620781849	3125247
1787124807724759354	2942975
1787124807847531499	2760703
1787124807910567325	3053567
1787124808035597807	3577855
1787124808096327532	3018751
1787124808197566099	3145727
1787124808298832631	3131391
1787124808400266428	3119103
1787124808503120720	3583999
1787124808564946749	2994175
1787124808747491800	3121151
1787124808870213683	3299327
1787124808951269795	3289087
1787124809053780222	3514367
1787124809157018264	3315711
1787124809258744673	3534847
1787124809383002842	3514367
1787124809463960403	3235839
1787124809565137639	3762175
1787124809688178307	3428351
1787124809749742130	3612671
1787124809893540648	3653631
1787124810001999527	3450879
1787124810106554075	3457023
1787124810171167157	3704831
1787124810278551473	3379199
1787124810403536363	3809279
1787124810485587491	3475455
1787124810589441587	3563519
1787124810672119614	3891199
1787124810861715947	3852287
1787124810965194051	3946495
1787124811049007009	3950591
1787124811156545911	4009983
1787124811239266948	4108287
1787124811322516142	4118527
1787124811430891147	4198399
1787124811534439350	4190207
1787124811596526479	4403199
1787124811708683910	4120575
1787124811810950347	3819519
1787124811916263791	3966975
1787124812000722542	4026367
1787124812098478586	4198399
1787124812194892011	4046847
1787124812279246547	3956735
1787124812400743038	4292607
1787124812482259978	4329471
1787124812606274638	3753983
1787124812687329741	4415487
1787124812830342263	3878911
1787124812934559417	4333567
1787124812995575466	4075519
1787124813177334995	4435967
1787124813280185551	4122623
1787124813424189119	4571135
1787124813546949383	4612095
1787124813648181863	4661247
1787124813770184447	4767743
1787124813852977455	4808703
1787124813955968459	4464639
1787124814058996226	4562943
1787124814161152077	4653055
1787124814263623514	4030463
1787124814366319647	4767743
1787124814428729046	4636671
1787124814591460873	4669439
1787124814713304525	4481023
1787124814795632609	4538367
1787124814876631054	4607999
1787124814981312409	4771839
1787124815082908732	4349951
1787124815184947020	4960255
1787124815293779745	4808703
1787124815374753295	4825087
1787124815476117157	4612095
1787124815582222022	4620287
1787124815686202829	5013503
1787124815787996683	4947967
1787124815929740375	5128191
1787124816010702661	4935679
1787124816132039272	4939775
1787124816235063296	5140479
1787124816316075676	5111807
1787124816438987070	4841471
1787124816542961262	5099519
1787124816686141478	5275647
1787124816787037929	5197823
1787124816909909655	4800511
1787124817011544915	4968447
1787124817093887217	5177343
1787124817235980880	5369855
1787124817338065526	5181439
1787124817439402145	5423103
1787124817527541372	5312511
1787124817633399384	4210687
1787124817738543486	5525503
1787124817843467848	5439487
1787124817945571791	5500927
1787124818111548521	5951487
1787124818215962871	5492735
1787124818303569360	4841471
1787124818406716172	5623807
1787124818491593091	5877759
1787124818760773690	5971967
1787124818863767061	5726207
1787124818946149274	5832703
1787124819050501189	5984255
1787124819177720335	6225919
1787124819238899837	5955583
1787124819363760207	6516735
1787124819467694959	5648383
1787124819549209951	6143999
1787124819671469204	6090751
1787124819773008240	6119423
1787124819854926615	6209535
1787124819956180729	6135807
1787124820038508269	6189055
1787124820159848231	5926911
1787124820262413793	6316031
1787124820347528292	5636095
1787124820448579941	5857279
1787124820530928248	6152191
1787124820653618727	6180863
1787124820715313414	6012927
1787124820818348584	5984255
1787124820902008691	6295551
1787124821044879506	6201343
1787124821125707809	6164479
1787124821206837568	6143999
1787124821308707090	6193151
1787124821430300813	6254591
1787124821535642257	6184959
1787124821616520778	6279167
1787124821717808491	6086655
1787124821800044371	6299647
1787124821922009418	6225919
1787124822024236491	6610943
1787124822105453108	5484543
1787124822208729997	6533119
1787124822330914657	6512639
1787124822392036931	6340607
1787124822472909979	6373375
1787124822594229623	6340607
1787124822675804486	6418431
1787124822839983372	6217727
1787124822942978169	6406143
1787124823025102418	6086655
1787124823128547549	6377471
1787124823209616968	6844415
1787124823373094632	6877183
1787124823476181462	6639615
1787124823557010519	6742015
1787124823720543370	6926335
1787124823801394554	6828031
1787124823945933331	6561791
1787124823986393341	6864895
1787124824329710084	6815743
1787124824410751283	7065599
1787124824531962922	7167999
1787124824636506264	6004735
1787124824738664814	7016447
1787124824843866511	7049215
1787124824944886619	7094271
1787124825028690383	7139327
1787124825130709956	7167999
1787124825215454358	7258111
1787124825323525604	7008255
1787124825427546766	7352319
1787124825532807134	7090175
1787124825594874563	7131135
1787124825721527290	6807551
1787124825843698837	7299071
1787124825926652928	7348223
1787124826074745903	6893567
1787124826159802583	7024639
1787124826223571894	7155711
1787124826307715120	7213055
1787124826430666908	7516159
1787124826533303512	7016447
1787124826635626880	7458815
1787124826738291433	7176191
1787124826842554388	7327743
1787124826944963711	7241727
1787124827047048251	7266303
1787124827132269453	7315455
1787124827214714341	7278591
1787124827317272337	7258111
1787124827418690771	7122943
1787124827560917931	7540735
1787124827662906600	7315455
1787124827865825260	7405567
1787124827947751764	7462911
1787124828051018925	7479295
1787124828131957848	7471103
1787124828253766550	6914047
1787124828334758440	7176191
1787124828416549700	7397375
1787124828519597727	7413759
1787124828621351329	6602751
1787124828724813565	7073791
1787124828785499165	7114751
1787124828948905750	6733823
1787124829035498961	7278591
1787124829157701725	7389183
1787124829239670840	7385087
1787124829341307150	7020543
1787124829422410432	7540735
1787124829543665142	7262207
1787124829624851576	7000063
1787124829867277530	7258111
1787124829968474219	7352319
1787124830072494530	6905855
1787124830195443798	7274495
1787124830257953158	7340031
1787124830359279844	7319551
1787124830440176788	7258111
1787124830562910484	7393279
1787124830664725396	6963199
1787124830746539263	7213055
1787124830867796692	7471103
1787124830928659791	7405567
1787124831032310645	7012351
1787124831133467552	6803455
1787124831256718556	7774207
1787124831319701932	7827455
1787124831463510400	7892991
1787124831544589370	7987199
1787124831647604326	7598079
1787124831749638468	7831551
1787124831851548806	6639615
1787124831933049095	7335935
1787124832022194633	7610367
1787124832147505625	6815743
1787124832210002919	7790591
1787124832335590881	7741439
1787124832417495446	7442431
1787124832519674137	7790591
1787124832606931925	7557119
1787124832731522609	6643711
1787124832835397094	7778303
1787124832898335240	7331839
1787124833103539831	8454143
1787124833185691501	7577599
1787124833268085056	7798783
1787124833380664009	7868415
1787124833508591789	7802879
1787124833612353341	8773631
1787124833715218308	8495103
1787124833825113565	8060927
1787124833911045242	6529023
1787124834033504512	8028159
1787124834114323740	8032255
1787124834218661151	7847935
1787124834302663629	6914047
1787124834405150619	8249343
1787124834489114256	7856127
1787124834552024438	7974911
1787124834674424742	7745535
1787124834775598175	7733247
1787124834879090814	7843839
1787124834980812390	7872511
1787124835041531358	7544831
1787124835143920790	7544831
1787124835225312026	7970815
1787124835348459741	8953855
1787124835389301516	6803455
1787124835634214141	8093695
1787124835735757675	8024063
1787124835838086845	8126463
1787124835921971212	9199615
1787124836025016574	6918143
1787124836128813543	8294399
1787124836210976607	8110079
1787124836332629449	7118847
1787124836436209752	8536063
1787124836518205521	7786495
1787124836620964084	8675327
1787124836702113343	8486911
1787124836824830020	8871935
1787124836907767916	8904703
1787124837049500460	9232383
1787124837130558354	8740863
1787124837273221156	8339455
1787124837335492705	9109503
1787124837461543276	8708095
1787124837522242630	8830975
1787124837644972171	8196095
1787124837768536971	9371647
1787124837872351451	9404415
1787124837956424789	7372799
1787124838058531698	8765439
1787124838200460383	8675327
1787124838283181511	9396223
1787124838407046332	8282111
1787124838467705298	8978431
1787124838591202682	8732671
1787124838732955595	8171519
1787124838795150355	9142271
1787124838897784426	8994815
1787124839041603421	9232383
1787124839145996001	9363455
1787124839228564929	9215999
1787124839354573137	8232959
1787124839458987237	9396223
1787124839519734498	9510911
1787124839642051366	9527295
1787124839707567406	8486911
1787124839831811596	9543679
1787124839940525999	9601023
1787124840090215673	9543679
1787124840133166641	9486335
1787124840257537019	9379839
1787124840344796799	8257535
1787124840448555606	9715711
1787124840531597762	9773055
1787124840636790868	8278015
1787124840721821839	8822783
1787124840826556318	9756671
1787124840888797456	10067967
1787124841214303451	9748479
1787124841336064871	9371647
1787124841396683239	8601599
1787124841517972190	9437183
1787124841618994462	10395647
1787124841699883208	9224191
1787124841802737549	8486911
1787124841904515095	8929279
1787124842005531478	9560063
1787124842088127535	8503295
1787124842193689881	9150463
1787124842255507190	9519103
1787124842377726163	9617407
1787124842478825499	8617983
1787124842581608756	8396799
1787124842683968473	9822207
1787124842768110575	9977855
1787124842870857686	9846783
1787124842952295880	9330687
1787124843053241610	9928703
1787124843179285713	8863743
1787124843281966450	9568255
1787124843384681302	8667135
1787124843468527872	9625599
1787124843591689374	8839167
1787124843679213694	9445375
1787124843760039038	9330687
1787124843881319003	9486335
1787124843982497297	9478143
1787124844064773267	9469951
1787124844145753739	9273343
1787124844328026112	11018239
1787124844409779803	9183231
1787124844490633218	9519103
1787124844612037587	9576447
1787124844694734874	9568255
1787124844857195669	9068543
1787124844939089565	8683519
1787124845042711032	9756671
1787124845125689142	9789439
1787124845249810057	8740863
1787124845332194617	8830975
1787124845413634502	9781247
1787124845519011443	9797631
1787124845623325336	9863167
1787124845705147148	9420799
1787124845828607553	10051583
1787124845890771372	9535487
1787124845994322329	8970239
1787124846099739603	11599871
1787124846182796436	9142271
1787124846289227648	10248191
1787124846399258625	9379839
1787124846461166973	10231807
1787124846870842046	10354687
1787124846954769164	10215423
1787124847040286090	9748479
1787124847148542637	9740287
1787124847253569648	10452991
1787124847317810323	9297919
1787124847464529575	10584063
1787124847565913419	10510335
1787124847670131970	9330687
1787124847792443563	10739711
1787124847853932530	9453567
1787124847956230696	8855551
1787124848058756844	10747903
1787124848140750460	12763135
1787124848242934531	9666559
1787124848327113806	9601023
1787124848448645046	10985471
1787124848553574319	10887167
1787124848614308363	9789439
1787124848719817074	10919935
1787124848841727585	9527295
1787124848924249272	10829823
1787124849028194139	12648447
1787124849110549811	10969087
1787124849192131275	12017663
1787124849315331717	11124735
1787124849398555430	10788863
1787124849501978222	9486335
1787124849564024991	12156927
1787124849685470633	9576447
1787124849767026662	9609215
1787124849890244229	11378687
1787124849991541513	10723327
1787124850073621668	10739711
1787124850216555087	11624447
1787124850338569698	11796479
1787124850440129986	9314303
1787124850500872397	11739135
1787124850643232353	12369919
1787124850724165484	10600447
1787124850805589441	11255807
1787124850927549658	9895935
1787124850988323043	10657791
1787124851089709947	10444799
1787124851212086088	10346495
1787124851294414835	9756671
1787124851417618315	12926975
1787124851498644608	9265151
1787124851581013460	9961471
1787124851683165772	11419647
1787124851784536747	10002431
1787124851868453585	11436031
1787124851950552368	9256959
1787124852032949784	11354111
1787124852139795686	11419647
1787124852262379206	10084351
1787124852487880950	11591679
1787124852568958022	10338303
1787124852650122603	11395071
1787124852773018815	9986047
1787124852875938876	9527295
1787124852939739662	10067967
1787124853042307851	11395071
1787124853127505230	11395071
1787124853235613155	9347071
1787124853325823002	10346495
1787124853443233074	11517951
1787124853526983249	10289151
1787124853651555224	9969663
1787124853715768234	10313727
1787124853841732361	10043391
1787124853905581441	9986047
1787124854011800618	10551295
1787124854174111513	10166271
1787124854276327790	11960319
1787124854382555403	10231807
1787124854488750630	10264575
1787124854572261596	9502719
1787124854697577779	10133503
1787124854778715419	10354687
1787124854839426006	10379263
1787124854981903135	10559487
1787124855086973460	12419071
1787124855168088591	10231807
1787124855269862585	10682367
1787124855374545805	10403839
1787124855457536887	10895359
1787124855559246013	12394495
1787124855640212631	12476415
1787124855744272592	10936319
1787124855847432173	12541951
1787124855929168936	12287999
1787124856031919695	10993663
1787124856153377490	10625023
1787124856214767576	12550143
1787124856318558989	10838015
1787124856403964268	12255231
1787124856486765764	11231231
1787124856590264915	10551295
1787124856671196485	12214271
1787124856814186034	12247039
1787124856895289401	12156927
1787124856998100154	10108927
1787124857102416434	10149887
1787124857186545278	13975551
1787124857287789369	10289151
1787124857392980207	10952703
1787124857476692296	12025855
1787124857579317172	10248191
1787124857641509284	12156927
1787124857805164317	10862591
1787124858007739067	10584063
1787124858150567246	10616831
1787124858212728438	11223039
1787124858414860866	14098431
1787124858519771423	10903551
1787124858580522634	10420223
1787124858685008447	12836863
1787124858786297277	10543103
1787124858889069187	12828671
1787124858990386407	11149311
1787124859071753200	11640831
1787124859153503461	10756095
1787124859275441562	13131775
1787124859417183611	10977279
1787124859501980372	13197311
1787124859604084260	11304959
1787124859689254498	13303807
1787124859790478427	11296767
1787124859894471593	10682367
1787124859955260658	11411455
1787124860077549670	12943359
1787124860141804842	11436031
1787124860251853648	11509759
1787124860355839358	12886015
1787124860458546892	10928127
1787124860543753347	11755519
1787124860688262334	15310847
1787124860770393741	12730367
1787124860853902014	10420223
1787124860984588079	10010623
1787124861068538072	11550719
1787124861193062580	8773631
1787124861294279194	10952703
1787124861387715344	13082623
1787124861494141844	11780095
1787124861597655653	13074431
1787124861702725532	11984895
1787124861787709188	10493951
1787124861851495506	13164543
1787124861997996660	11001855
1787124862081806521	15532031
1787124862163703540	10682367
1787124862266812236	15441919
1787124862369770481	10706943
1787124862472168505	13025279
1787124862576236324	10018815
1787124862657205078	13123583
1787124862781048668	10862591
1787124862864208244	13033471
1787124862968758201	10977279
1787124863072221190	13172735
1787124863155201888	9805823
1787124863237558838	13271039
1787124863549343205	11321343
1787124863691809154	15925247
1787124863814509578	12738559
1787124863896544137	11517951
1787124863977781865	13393919
1787124864099180221	13369343
1787124864182754027	13352959
1787124864265218136	12910591
1787124864386984998	13197311
1787124864491566222	12984319
1787124864595945923	13074431
1787124864697216312	13131775
1787124864780251670	13066239
1787124864881941876	13033471
1787124864963056162	13107199
1787124865066084267	12935167
1787124865148806237	12664831
1787124865316093581	11755519
1787124865376887265	13033471
1787124865481554148	11739135
1787124865564585104	12533759
1787124865645739850	13025279
1787124865768913667	12599295
1787124865891903154	11091967
1787124865952584594	13074431
1787124866074192595	16056319
1787124866159436769	13131775
1787124866282286332	12484607
1787124866343459615	12001279
1787124866426824751	11313151
1787124866529562541	13139967
1787124866631743290	12591103
1787124866733995403	12615679
1787124866816739710	12607487
1787124866898191978	13189119
1787124867004331321	11354111
1787124867085426114	10067967
1787124867188462598	16179199
1787124867290560049	12427263
1787124867351943381	13443071
1787124867474239749	11419647
1787124867575555695	13426687
1787124867636445226	12640255
1787124867760569075	12648447
1787124867828338057	13328383
1787124867953183430	12779519
1787124868036147128	13393919
1787124868161785419	12566527
1787124868244542558	13189119
1787124868329966100	12992511
1787124868435507625	12042239
1787124868542409282	13090815
1787124868647562932	13254655
1787124868730534803	13164543
1787124868823605379	13418495
1787124868928561457	11698175
1787124869015231439	13574143
1787124869298558169	12156927
1787124869383285426	13729791
1787124869465860789	12165119
1787124869589954577	12328959
1787124869672978917	11534335
1787124869795962776	13942783
1787124869878540856	13942783
1787124869982091241	10633215
1787124870123292201	13910015
1787124870204730511	14008319
1787124870305853332	12287999
1787124870386765102	12673023
1787124870510507047	14221311
1787124870593563978	13606911
1787124870737281876	12902399
1787124870818144925	14041087
1787124870919181278	12918783
1787124871000016732	12189695
1787124871123098986	14032895
1787124871205696666	12591103
1787124871308715725	14008319
1787124871389891335	13000703
1787124871471279804	13737983
1787124871552200777	14278655
1787124871675553028	14196735
1787124871796813038	12222463
1787124871898265899	17121279
1787124871958989995	13746175
1787124872060140194	11706367
1787124872181393072	16736255
1787124872262230952	13402111
1787124872344225792	13950975
1787124872466876985	13557759
1787124872568249771	16564223
1787124872660583023	14123007
1787124872761640192	13729791
1787124872862623668	13869055
1787124872963927392	14049279
1787124873066722878	14458879
1787124873147602643	14106623
1787124873291441017	14204927
1787124873434981482	16424959
1787124873496879596	13942783
1787124873659919537	13910015
1787124873804302903	14491647
1787124873905596554	13950975
1787124874029965430	14630911
1787124874110840389	14196735
1787124874192655660	13918207
1787124874314451801	13828095
1787124874416186232	14385151
1787124874559023359	14508031
1787124874642548311	14376959
1787124874987826627	14475263
1787124875072709976	14163967
1787124875236771554	17203199
1787124875318896848	14319615
1787124875421819489	14819327
1787124875525095298	12468223
1787124875627675119	15163391
1787124875711660094	14811135
1787124875836691617	15081471
1787124875919505407	11485183
1787124876000874939	15155199
1787124876123273485	14647295
1787124876226322536	15368191
1787124876308568575	13254655
1787124876416565676	15212543
1787124876499053363	14286847
1787124876600035657	15392767
1787124876722327089	11255807
1787124876805613011	12894207
1787124876886517452	15597567
1787124877047868699	14434303
1787124877148900703	14852095
1787124877250530874	13434879
1787124877354672087	15695871
1787124877456731628	14827519
1787124877517608713	15556607
1787124877661269469	15663103
1787124877742235471	15073279
1787124877865084770	18415615
1787124877986850974	15187967
1787124878067674851	13344767
1787124878170706350	14974975
1787124878271689512	14442495
1787124878354103177	14483455
1787124878456893327	14688255
1787124878517498359	14721023
1787124878662724690	13099007
1787124878743607546	12075007
1787124878866342848	18644991
1787124878948782266	13246463
1787124879017532974	15089663
1787124879140300956	11485183
1787124879241978234	14647295
1787124879324875970	14901247
1787124879405707241	14630911
1787124879507312169	15048703
1787124879608383404	13606911
1787124879713026746	13639679
1787124879773658059	15245311
1787124879915677563	18956287
1787124879976397779	13869055
1787124880098056151	14630911
1787124880179254049	15491071
1787124880282149449	15491071
1787124880346676937	15613951
1787124880649231236	15843327
1787124880733698338	14352383
1787124880814517638	14319615
1787124880937506274	15835135
1787124881019024926	13254655
1787124881122230205	15892479
1787124881203897121	15679487
1787124881285065875	15679487
1787124881365868301	15761407
1787124881531530255	13639679
1787124881634713334	15908863
1787124881717182527	15646719
1787124881821528884	19873791
1787124881906967828	15810559
1787124882036682930	15720447
1787124882099250844	15826943
1787124882203767398	15171583
1787124882305548604	15171583
1787124882369544739	15089663
1787124882496718777	16424959
1787124882602771112	13705215
1787124882705550077	15081471
1787124882810157485	15384575
1787124882913785382	16621567
1787124883000101597	16621567
1787124883103496533	16728063
1787124883233848021	12804095
1787124883335454949	15654911
1787124883425604120	16130047
1787124883526732178	15663103
1787124883632199012	14548991
1787124883714494984	16277503
1787124883817518276	20447231
1787124883906296144	15523839
1787124884008652770	15695871
1787124884090687251	20332543
1787124884214692799	15638527
1787124884297551207	15695871
1787124884378413200	14245887
1787124884540123353	15884287
1787124884641867330	15835135
1787124884683680356	14254079
1787124884804873133	13492223
1787124884886952821	14360575
1787124884977284484	16121855
1787124885060726946	14385151
1787124885163510840	16015359
1787124885284927791	14508031
1787124885345564202	15851519
1787124885467979728	15572991
1787124885569019387	15917055
1787124885670015763	15728639
1787124885771936918	13869055
1787124885873519795	15515647
1787124885975518334	14090239
1787124886299518537	15990783
1787124886383682581	14434303
1787124886485405244	14393343
1787124886586597237	16162815
1787124886709006445	15843327
1787124886794136273	15949823
1787124886895390112	14663679
1787124886996552617	16162815
1787124887097799265	14696447
1787124887179015740	14229503
1787124887303988219	16179199
1787124887384987779	16293887
1787124887507329389	15040511
1787124887589877014	15106047
1787124887692094717	15187967
1787124887752674457	14508031
1787124887897233421	16383999
1787124887978077236	15933439
1787124888060445219	14524415
1787124888162180007	20840447
1787124888284408645	14368767
1787124888365368160	13017087
1787124888467816187	16130047
1787124888570462734	16121855
1787124888652810499	12558335
1787124888734749358	15917055
1787124888857754519	16875519
1787124888920567064	14368767
1787124889048544913	16007167
1787124889135503926	16990207
1787124889238548545	16113663
1787124889361672308	14270463
1787124889444345269	17170431
1787124889571579077	17301503
1787124889656764222	14499839
1787124889763098826	17334271
1787124889864728002	16449535
1787124889952424969	16515071
1787124890056924823	14327807
1787124890160191855	20676607
1787124890263541346	14557183
1787124890387786430	16637951
1787124890491775258	14475263
1787124890593705410	17235967
1787124890676756397	15065087
1787124890757678100	17301503
1787124890900479895	17367039
1787124890986420923	17006591
1787124891131061151	15327231
1787124891212547506	17481727
1787124891319015742	17530879
1787124891379959764	14188543
1787124891522977457	17170431
1787124891866961612	21037055
1787124891970205425	18006015
1787124892071470585	15147007
1787124892154533970	17481727
1787124892255772498	14450687
1787124892356904602	21069823
1787124892438826079	16023551
1787124892561271063	14442495
1787124892642564660	18350079
1787124892745763218	18284543
1787124892828430039	16220159
1787124892931514670	18284543
1787124893015256547	14180351
1787124893098598371	18415615
1787124893201416177	18448383
1787124893304231480	17629183
1787124893426601834	18612223
1787124893529386866	16023551
1787124893590127471	18677759
1787124893714462610	18677759
1787124893816745276	16130047
1787124893899900109	15966207
1787124893980950511	18071551
1787124894103106873	18169855
1787124894185777146	14630911
1787124894288196254	18874367
1787124894371011275	16400383
1787124894474011441	15958015
1787124894558308585	18235391
1787124894660456893	16064511
1787124894742823965	16375807
1787124894885122805	18317311
1787124894986943004	12255231
1787124895070747937	19415039
1787124895171942351	19316735
1787124895252917122	16293887
1787124895354082164	16343039
1787124895455958996	16416767
1787124895537118852	19218431
1787124895619096044	18857983
1787124895721542991	18563071
1787124895844836959	18874367
1787124895946880197	18628607
1787124896050572946	16670719
1787124896111349895	18939903
1787124896215753274	18989055
1787124896300542789	18808831
1787124896426772244	18792447
1787124896510423191	18612223
1787124896593646577	14376959
1787124896719618002	18972671
1787124896825745840	17219583
1787124896931983086	18595839
1787124897016206780	19054591
1787124897121432352	16875519
1787124897454437498	22364159
1787124897518032462	17055743
1787124897663532612	19464191
1787124897767588379	22413311
1787124897811559726	19021823
1787124897975227201	17989631
1787124898076753341	18087935
1787124898158536491	22118399
1787124898264725040	15179775
1787124898325741355	18825215
1787124898448464982	19234815
1787124898531737971	19333119
1787124898675297301	18268159
1787124898758546990	18120703
1787124898880541394	17596415
1787124898961565273	18300927
1787124899063001646	18268159
1787124899167177303	18350079
1787124899228956173	18399231
1787124899392465997	21774335
1787124899456542445	18038783
1787124899659444540	18251775
1787124899742035443	18300927
1787124899843329689	19267583
1787124899925349613	18563071
1787124900008744918	18350079
1787124900131227188	19234815
1787124900234595079	19382271
1787124900337055576	15794175
1787124900418520406	19415039
1787124900542418152	19431423
1787124900626577778	19546111
1787124900727928238	12992511
1787124900788786679	19726335
1787124900913568527	18792447
1787124900994559063	18251775
1787124901118016314	17563647
1787124901179064647	19103743
1787124901282708101	18431999
1787124901384854368	18448383
1787124901466394381	19005439
1787124901568311116	19087359
1787124901671070623	14639103
1787124901752547505	17317887
1787124901894165914	22806527
1787124901977788838	18808831
1787124902099227862	17252351
1787124902201424370	20381695
1787124902303187893	17022975
1787124902385482295	20332543
1787124902488023876	19021823
1787124902591260132	20234239
1787124902713764011	17219583
1787124902921513193	18464767
1787124902921564846	23461887
1787124903002590792	19415039
1787124903083744513	23560191
1787124903248318330	19513343
1787124903352745124	19939327
1787124903477860059	14196735
1787124903549506410	19873791
1787124903653548405	19644415
1787124903755939313	17825791
1787124903883512989	19791871
1787124903945530444	20037631
1787124904049693690	20021247
1787124904157544693	15351807
1787124904238404181	19955711
1787124904320868311	18120703
1787124904406617189	19955711
1787124904531517815	19791871
1787124904620456574	19791871
1787124904724852167	18595839
1787124904830877545	18055167
1787124904914104353	18677759
1787124905017734127	19628031
1787124905122835618	18137087
1787124905266676530	20463615
1787124905348503996	14909439
1787124905449461894	19791871
1787124905531079319	19808255
1787124905635740998	20398079
1787124905697175299	19955711
1787124905819897630	20496383
1787124905941221918	15876095
1787124906025037511	20627455
1787124906105891831	19480575
1787124906227076818	18431999
1787124906328726006	20856831
1787124906411295981	15925247
1787124906533397289	24494079
1787124906635741984	19791871
1787124906737542185	19841023
1787124906839905522	19808255
1787124906921798301	15106047
1787124907024427370	21282815
1787124907107532844	21250047
1787124907208992686	24788991
1787124907311660924	23969791
1787124907396182535	21544959
1787124907477958942	21544959
1787124907579473678	20070399
1787124907662233551	18235391
1787124907763882971	19972095
1787124907887655207	18268159
1787124907948406649	24264703
1787124908074838053	19726335
1787124908155880613	19152895
1787124908236934997	18350079
1787124908340337764	21708799
1787124908403938779	16695295
1787124908505160138	21594111
1787124908728240629	24510463
1787124908831531107	18497535
1787124908912532289	24575999
1787124909013930878	19955711
1787124909116909865	17170431
1787124909179696104	19742719
1787124909302786392	17235967
1787124909404545312	21839871
1787124909485516336	19742719
1787124909587118880	21774335
1787124909668162893	19955711
1787124909770937647	19513343
1787124909833770118	19496959
1787124909935780368	18628607
1787124910018557922	19611647
1787124910124701993	24199167
1787124910208488400	19611647
1787124910312077500	18644991
1787124910372782419	24051711
1787124910496669122	17301503
1787124910599686340	19775487
1787124910686506512	17072127
1787124910791512593	19021823
1787124910875565810	21725183
1787124910957741267	21528575
1787124911081073231	19611647
1787124911167535178	21741567
1787124911271383463	21544959
1787124911357477349	21610495
1787124911445570428	19267583
1787124911551524967	24018943
1787124911616510892	17448959
1787124911741551829	19791871
1787124911802685131	19857407
1787124911907044788	19513343
1787124912011509345	17154047
1787124912115193878	21643263
1787124912225195233	17907711
1787124912329766531	20185087
1787124912436842214	19955711
1787124912520549825	21905407
1787124912645881592	19185663
1787124912790298640	22102015
1787124912896273103	20054015
1787124912980564727	18530303
1787124913081973162	20283391
1787124913205564363	24887295
1787124913327556285	19431423
1787124913430530409	20545535
1787124913555539560	19038207
1787124913616302222	20774911
1787124913737763083	19202047
1787124913781534053	22593535
1787124913903487409	19333119
1787124913984601058	20856831
1787124914126867554	22626303
1787124914187887248	25346047
1787124914471183114	22888447
1787124914554080556	16891903
1787124914637938308	22659071
1787124914759872546	20496383
1787124914882208586	18022399
1787124914943556550	22708223
1787124915045757087	17956863
1787124915126716753	19660799
1787124915228948094	20611071
1787124915332166733	20742143
1787124915413781056	19726335
1787124915514963152	23166975
1787124915640452858	25788415
1787124915723131602	19857407
1787124915847786340	23085055
1787124915930293485	25870335
1787124916032906657	20774911
1787124916116567325	23248895
1787124916239395218	17891327
1787124916342016507	19595263
1787124916428629452	26132479
1787124916490027058	19300351
1787124916592019387	21135359
1787124916695045967	22462463
1787124916777279598	19316735
1787124916880079753	21282815
1787124916982661784	22708223
1787124917085989041	21266431
1787124917168776172	19939327
1787124917273540939	23068671
1787124917357499335	21233663
1787124917459227372	19988479
1787124917560685412	21446655
1787124917685545659	21610495
1787124917788568748	22937599
1787124917892344508	23068671
1787124917977529186	18251775
1787124918081568391	23216127
1787124918164565695	23216127
1787124918271564105	23281663
1787124918356489912	20021247
1787124918462828416	21659647
1787124918570003523	21790719
1787124918635577016	23298047
1787124918762547401	21807103
1787124918889034249	19365887
1787124918974209745	19972095
1787124919082282789	23396351
1787124919183526483	21839871
1787124919289566155	20086783
1787124919372898630	21790719
1787124919484589441	21839871
1787124919569764312	20299775
1787124919673751798	18644991
1787124919976446496	26591231
1787124920080759810	21987327
1787124920187597153	18939903
1787124920269566574	21708799
1787124920353442263	24035327
1787124920457965197	16719871
1787124920560635373	24150015
1787124920664174236	17088511
1787124920767792926	24199167
1787124920829566938	22020095
1787124920914652163	22069247
1787124921058986257	21397503
1787124921143792280	21577727
1787124921245008094	21413887
1787124921369152943	22036479
1787124921432572786	24510463
1787124921553992813	19693567
1787124921637731479	22216703
1787124921759880276	22282239
1787124921864144688	24821759
1787124921965724275	21217279
1787124922049776811	19808255
1787124922152330870	24723455
1787124922275564663	21102591
1787124922358756507	21725183
1787124922480171186	24035327
1787124922540900167	21364735
1787124922665960381	24166399
1787124922726735449	20398079
1787124922848217807	21774335
1787124922930950998	21774335
1787124923033762544	24231935
1787124923177579770	21561343
1787124923359982692	24395775
1787124923461635911	22052863
1787124923543960675	21594111
1787124923645779325	20676607
1787124923727527945	24707071
1787124923810738949	24756223
1787124923933698344	22183935
1787124924016424442	18186239
1787124924120005381	24952831
1787124924203565138	22380543
1787124924324995796	24870911
1787124924386092198	21676031
1787124924489531543	21626879
1787124924590728171	22446079
1787124924692545125	25133055
1787124924754138699	19955711
1787124924936807029	25182207
1787124925059172770	28508159
1787124925121959630	19922943
1787124925227568794	25214975
1787124925335551255	25231359
1787124925396605071	21905407
1787124925765050088	20398079
1787124925870197910	22282239
1787124925960559552	25608191
1787124926055970467	21921791
1787124926142567548	18219007
1787124926230991991	25542655
1787124926362971092	23396351
1787124926466860624	22183935
1787124926574136586	22052863
1787124926677584510	23478271
1787124926763645416	22167551
1787124926890992520	29048831
1787124926994475759	23724031
1787124927098268548	25952255
1787124927224481086	26001407
1787124927285920574	29179903
1787124927451054815	25673727
1787124927533143349	23822335
1787124927636529160	23674879
1787124927737678149	22691839
1787124927838962580	23838719
1787124927899766379	25837567
1787124928084539366	25313279
1787124928167016297	23543807
1787124928230168412	25247743
1787124928353348998	23642111
1787124928454624474	25329663
1787124928556712994	21315583
1787124928618259795	25362431
1787124928741615126	20348927
1787124928834043523	21495807
1787124928938600186	25591807
1787124929024812501	21250047
1787124929108033727	25575423
1787124929194524794	23756799
1787124929317008879	19267583
1787124929399162770	23592959
1787124929503272920	23576575
1787124929627031150	21790719
1787124929707904780	25821183
1787124929770544371	25640959
1787124929891715752	22937599
1787124929996519372	23937023
1787124930099177901	25755647
1787124930202037861	24051711
1787124930306696216	23134207
1787124930428489330	25559039
1787124930509855160	23134207
1787124930673523135	24477695
1787124930734871705	22298623
1787124930878242430	23412735
1787124930963172219	25952255
1787124931023822348	23281663
1787124931410184585	23560191
1787124931516580044	22659071
1787124931597485345	26509311
1787124931698535511	23789567
1787124931781499670	22413311
1787124931864673918	30801919
1787124931966514224	24920063
1787124932068213967	25051135
1787124932150898660	30097407
1787124932253675502	25198591
1787124932376529839	29982719
1787124932479505398	23674879
1787124932563498328	19578879
1787124932673606241	26984447
1787124932779136928	20791295
1787124932885755482	25575423
1787124932999519950	26656767
1787124933102079121	25739263
1787124933185074814	26820607
1787124933334138008	23003135
1787124933435925291	26771455
1787124933539533830	22921215
1787124933602668948	26755071
1787124933750544103	22790143
1787124933836776884	26918911
1787124933949509097	21069823
1787124934014610732	22921215
1787124934137841889	29999103
1787124934260075278	22691839
1787124934342494374	30179327
1787124934445220023	26820607
1787124934528592018	26378239
1787124934650711705	26427391
1787124934735010729	29966335
1787124934819631332	20856831
1787124934947494678	23117823
1787124935068768848	26787839
1787124935150531411	26230783
1787124935233008714	26312703
1787124935376753838	26345471
1787124935481204865	26476543
1787124935562117988	21233663
1787124935644640564	26689535
1787124935790767012	26591231
1787124935892541275	26656767
1787124936054557136	26771455
1787124936158508601	19906559
1787124936239520410	26869759
1787124936341926899	23478271
1787124936443125129	23789567
1787124936524065699	26673151
1787124936626542641	27131903
1787124936688331195	21397503
1787124937013642781	27213823
1787124937096882328	24281087
1787124937199092833	23543807
1787124937300897862	27197439
1787124937404940713	27475967
1787124937488032613	21970943
1787124937589226623	27639807
1787124937750711564	27705343
1787124937873574532	27754495
1787124937955558863	27754495
1787124938037347425	27820031
1787124938139980345	24772607
1787124938241168965	27623423
1787124938301909353	27820031
1787124938423894611	24739839
1787124938506486171	24641535
1787124938588946543	27901951
1787124938752510942	31358975
1787124938833452421	24559615
1787124938936951906	24559615
1787124939018731458	28000255
1787124939099766553	24592383
1787124939263997796	28065791
1787124939304516595	24805375
1787124939749099300	31752191
1787124939811086783	28393471
1787124939958846353	28147711
1787124940062797883	28475391
1787124940145918356	28164095
1787124940230484356	27607039
1787124940333977615	28065791
1787124940419768339	24739839
1787124940500902553	25755647
1787124940627430825	24772607
1787124940709315153	28164095
1787124940836550764	25903103
1787124940917538170	27934719
1787124941023214182	28213247
1787124941141787868	25821183
1787124941205469922	28049407
1787124941289555234	27951103
1787124941413987704	24772607
1787124941477561145	28033023
1787124941603575351	28098559
1787124941687334385	24805375
1787124941768322695	28213247
1787124941895651366	28213247
1787124941998955730	26312703
1787124942079938183	28475391
1787124942181835230	28393471
1787124942262789495	21528575
1787124942547183196	33095679
1787124942669964751	26804223
1787124942771125837	27951103
1787124942872981942	26951679
1787124942976204001	25149439
1787124943079965525	27967487
1787124943183003358	29147135
1787124943263988559	19628031
1787124943366522790	28114943
1787124943490686270	33505279
1787124943613505505	28114943
1787124943674171691	26525695
1787124943815667367	28196863
1787124943896515526	26427391
1787124943998507620	29130751
1787124944100057477	29278207
1787124944203518689	24543231
1787124944284471412	29294591
1787124944365528316	29294591
1787124944487879225	33619967
1787124944528556377	25821183
1787124944631460961	23953407
1787124944733932943	33456127
1787124944836317659	26820607
1787124944938651192	28508159
1787124945039864195	28590079
1787124945142538595	29278207
1787124945245860208	26263551
1787124945348943525	29179903
1787124945434930350	27082751
1787124945536954980	26984447
1787124945619893044	28327935
1787124945762905383	28966911
1787124945844572586	28704767
1787124945907940865	27148287
1787124946049925560	27115519
1787124946130759000	34275327
1787124946191449550	28803071
1787124946313910228	28721151
1787124946435180156	28704767
1787124946537033965	29048831
1787124946617910335	28557311
1787124946719153359	27410431
1787124946823688766	29229055
1787124946926105924	28426239
1787124947050887730	27164671
1787124947115876215	28409855
1787124947223681490	28377087
1787124947306017926	29278207
1787124947407396815	27181055
1787124947493453948	28295167
1787124947615313905	25296895
1787124947698632702	29343743
1787124947822823178	29229055
1787124947907868871	27164671
1787124948173510178	28360703
1787124948279511890	28573695
1787124948341913115	29245439
1787124948504319279	28999679
1787124948605419936	27705343
1787124948711646326	28966911
1787124948774527447	26853375
1787124948876902670	28835839
1787124948937516067	26345471
1787124949079516914	28983295
1787124949161486344	29032447
1787124949266100522	29016063
1787124949368124040	28901375
1787124949509856709	29048831
1787124949592290254	26951679
1787124949717867693	29016063
1787124949820582435	29114367
1787124949902279013	25935871
1787124950024276280	27623423
1787124950107893653	29294591
1787124950229160512	27295743
1787124950330263502	28590079
1787124950411921665	28393471
1787124950556140260	24379391
1787124950638753062	28360703
1787124950741286181	27656191
1787124950843399755	28229631
1787124950924910615	36667391
1787124951007173218	25870335
1787124951150551479	36700159
1787124951231533480	28688383
1787124951314735806	28884991
1787124951418974614	28213247
1787124951503664056	29048831
1787124951667773692	28491775
1787124951728435220	28934143
1787124951870564279	28540927
1787124952013732633	29130751
1787124952094671016	27803647
1787124952197612858	29392895
1787124952258863854	28491775
1787124952380795916	28803071
1787124952482566624	29360127
1787124952604970297	36995071
1787124952708146330	27951103
1787124952769533273	29589503
1787124952893313325	28278783
1787124952994576721	29655039
1787124953076184269	28819455
1787124953179792005	28377087
1787124953260751433	29671423
1787124953362660711	28852223
1787124953505812991	28557311
1787124953656650713	37027839
1787124953881772249	29966335
1787124953968774696	30064639
1787124954076752898	30097407
1787124954167025934	30212095
1787124954272750491	30294015
1787124954361287319	28360703
1787124954465611461	29114367
1787124954611528582	37322751
1787124954719970872	26509311
1787124954784031588	28393471
1787124954892033850	30670847
1787124954997010405	30474239
1787124955104580336	28606463
1787124955212644776	30490623
1787124955296837081	29016063
1787124955381813965	29097983
1787124955482933982	30556159
1787124955587192516	28950527
1787124955688485884	28884991
1787124955794377912	26640383
1787124955936001428	29114367
1787124955998524368	30752767
1787124956079546410	30834687
1787124956242718049	29196287
1787124956344897142	29245439
1787124956446730372	29097983
1787124956528501326	27131903
1787124956610767419	29212671
1787124956734727022	31211519
1787124956838209684	27148287
1787124956921989847	29589503
1787124957023522975	26312703
1787124957105720206	29818879
1787124957228311497	37978111
1787124957311779192	29999103
1787124957393202988	27557887
1787124957495350586	29392895
1787124957599044441	26394623
1787124957680425170	31735807
1787124957761756991	29376511
1787124957844181707	29753343
1787124957947506799	29392895
1787124958050012617	31752191
1787124958152547222	21676031
1787124958233781663	31752191
1787124958336723467	31490047
1787124958439958386	22102015
1787124958543943629	31473663
1787124958647582415	29868031
1787124958709146389	27164671
1787124958831558364	38174719
1787124958892550705	29491199
1787124959016250237	38371327
1787124959121021350	29638655
1787124959181745072	29753343
1787124959525964241	29753343
1787124959627198836	30605311
1787124959709469456	27000831
1787124959791653583	29687807
1787124959914651887	30769151
1787124959995744673	30834687
1787124960078527317	37584895
1787124960181970017	27131903
1787124960284316086	29917183
1787124960366000180	27213823
1787124960509340433	31014911
1787124960590334043	30162943
1787124960733807037	30818303
1787124960820547723	30965759
1787124960926590650	27623423
1787124961010300390	37945343
1787124961091453407	31096831
1787124961198521861	30310399
1787124961283769850	31211519
1787124961406551029	30294015
1787124961470654148	27410431
1787124961613239002	37945343
1787124961717079755	30523391
1787124961801137296	31080447
1787124961906241014	28082175
1787124961992494411	30785535
1787124962078539776	30392319
1787124962182544610	31064063
1787124962290515037	30916607
1787124962374539678	30834687
1787124962477168015	27426815
1787124962580516261	31129599
1787124962662834612	28000255
1787124962786916864	31145983
1787124962890607530	31014911
1787124963015077267	30916607
1787124963099550458	30670847
1787124963202493474	28262399
1787124963304853392	30638079
1787124963406741019	30752767
1787124963467476489	30719999
1787124963590000687	30834687
1787124963691015197	28655615
1787124963793779839	31227903
1787124963895516979	28442623
1787124963998692450	31326207
1787124964100530144	30932991
1787124964204519518	28164095
1787124964266927252	28819455
1787124964410136573	38993919
1787124964492034133	28688383
1787124964594694611	31424511
1787124964716505667	31571967
1787124964797367813	30818303
1787124964879868200	30687231
1787124964985840279	31719423
1787124965148529393	31866879
1787124965249831219	31997951
1787124965351464522	28737535
1787124965452502302	38731775
1787124965534340516	31031295
1787124965637226260	27590655
1787124965738255105	32243711
1787124965839300778	30523391
1787124965922853065	30932991
1787124966026227396	32505855
1787124966150676530	30638079
1787124966251709238	28000255
1787124966332539313	39190527
1787124966434284667	28082175
1787124966537088509	32227327
1787124966619725302	30638079
1787124966720709040	30736383
1787124966801540863	32194559
1787124966904236403	32079871
1787124967006191939	30654463
1787124967169746183	32178175
1787124967230337648	30818303
1787124967353353094	30883839
1787124967496705767	38633471
1787124967619811091	28000255
1787124967680467144	31031295
1787124967805525585	32456703
1787124967907843072	31047679
1787124967988675033	32047103
1787124968091951075	32030719
1787124968219212586	28508159
1787124968302703309	32112639
1787124968448599932	30867455
1787124968570853918	32227327
1787124968631480059	32260095
1787124968796483025	30703615
1787124968867301158	27426815
1787124968994637730	31047679
1787124969121472390	30736383
1787124969182075152	38993919
1787124969305578131	32309247
1787124969409262892	26935295
1787124969490045131	32374783
1787124969591266161	28246015
1787124969692225758	31260671
1787124969793684992	32423935
1787124969857959403	32227327
1787124969979495331	30425087
1787124970080639916	31195135
1787124970185520715	31293439
1787124970292524091	28147711
1787124970374009961	31326207
1787124970717281440	28573695
1787124970822521489	30834687
1787124970903425535	28655615
1787124971004785446	32194559
1787124971111546700	31735807
1787124971213071143	31834111
1787124971294140267	31768575
1787124971395550506	31604735
1787124971497536219	31260671
1787124971560687011	31637503
1787124971702904700	28901375
1787124971784758876	31457279
1787124971866181659	31883263
1787124971948133826	31883263
1787124972050254816	29032447
1787124972173641080	39550975
1787124972255887635	32194559
1787124972357278730	27688959
1787124972438493788	31981567
1787124972560658082	32423935
1787124972646539057	32129023
1787124972788544286	31965183
1787124972869534030	27852799
1787124972953569522	32063487
1787124973074917454	31932415
1787124973156112608	32014335
1787124973258467933	32948223
1787124973360534362	31571967
1787124973461902625	33030143
1787124973566109144	32964607
1787124973687831401	32292863
1787124973768705667	32325631
1787124973852073041	28950527
1787124973974885115	33292287
1787124974078461167	29065215
1787124974159279648	32636927
1787124974266769479	33374207
1787124974367841400	32669695
1787124974468881722	32129023
1787124974590097343	32063487
1787124974691266333	32522239
1787124974772857698	32112639
1787124974894336903	32555007
1787124974976250473	32063487
1787124975097462505	33882111
1787124975201534701	29196287
1787124975282430534	32325631
1787124975384873176	34144255
1787124975488310617	32292863
1787124975551885207	32309247
1787124975676044840	32063487
1787124975759870109	28950527
1787124975864541943	41156607
1787124975968887712	28803071
1787124976031549171	29278207
1787124976357209457	32112639
1787124976462844150	34668543
1787124976564063422	34668543
1787124976650561267	34766847
1787124976757684408	29507583
1787124976863871013	29573119
1787124976945988102	34963455
1787124977032313924	29540351
1787124977156029249	35160063
1787124977239926095	29065215
1787124977321937822	35160063
1787124977404876192	29114367
1787124977567703249	35160063
1787124977648769837	32833535
1787124977751544597	35323903
1787124977834572904	31555583
1787124977942766152	35127295
1787124978046561090	29736959
1787124978108843271	41549823
1787124978210066483	31735807
1787124978335078461	29687807
1787124978436246455	35520511
1787124978518822023	29786111
1787124978600826817	35553279
1787124978703708115	32047103
1787124978785760772	33226751
1787124978887009937	32260095
1787124978969044798	35782655
1787124979112516434	32178175
1787124979201528833	35880959
1787124979302811115	32391167
1787124979383743191	32423935
1787124979545987594	33652735
1787124979648028004	33652735
1787124979734933287	30064639
1787124979817200172	36470783
1787124979919531733	41582591
1787124980020778763	30081023
1787124980142699379	36470783
1787124980264493695	36536319
1787124980368012252	36536319
1787124980470049271	36405247
1787124980531955836	29507583
1787124980634314397	36536319
1787124980735503305	32931839
1787124980819439640	34013183
1787124980900586629	33980415
1787124981001893316	36765695
1787124981105553884	30801919
1787124981168752205	36765695
1787124981352140541	41910271
1787124981412823921	34275327
1787124981635136858	34406399
1787124981717739472	37126143
1787124981801799220	34275327
1787124981903255155	33177599
1787124982005038165	37060607
1787124982109231477	34537471
1787124982190731028	33226751
1787124982292637049	34504703
1787124982377652541	36995071
1787124982504561708	30277631
1787124982647009715	37126143
1787124982751008920	36896767
1787124982859757646	29851647
1787124982966550760	30654463
1787124983050437687	37060607
1787124983161549271	30048255
1787124983277566298	37289983
1787124983362760317	37191679
1787124983446487948	30326783
1787124983551165245	33079295
1787124983656168949	30490623
1787124983760345751	33292287
1787124983846323024	37519359
1787124983929836029	37519359
1787124984074572021	35160063
1787124984157500711	31047679
1787124984262214205	37584895
1787124984344673778	31162367
1787124984447287569	35258367
1787124984549546740	35258367
1787124984631496909	35291135
1787124984752701494	43319295
1787124984855947261	35454975
1787124984978960576	33406975
1787124985039675747	35061759
1787124985202070858	37257215
1787124985365526496	33718271
1787124985468337318	37421055
1787124985549789921	35127295
1787124985610382900	43319295
1787124985771742014	33685503
1787124985893973628	37683199
1787124985975654290	33751039
1787124986056518308	37814271
1787124986139751675	33816575
1787124986261061530	34701311
1787124986345493310	34832383
1787124986466691311	30867455
1787124986569512726	34013183
1787124986673705808	38076415
1787124986756655406	31506431
1787124986939713122	34242559
1787124986980211793	34832383
1787124987262957832	43450367
1787124987364325876	34209791
1787124987446015227	31113215
1787124987550139339	35061759
1787124987631151957	38535167
1787124987734494272	35192831
1787124987835665364	35258367
1787124987937756649	43745279
1787124988061654401	31162367
1787124988124782345	34635775
1787124988247574746	38535167
1787124988309017594	31326207
1787124988391306635	34701311
1787124988494187633	31653887
1787124988595432308	43646975
1787124988677956661	30687231
1787124988799754289	43515903
1787124988881252310	34373631
1787124988984708502	34439167
1787124989106730789	38797311
1787124989210521247	34930687
1787124989313155336	38764543
1787124989376225141	35061759
1787124989500335245	34930687
1787124989581167895	34668543
1787124989706730609	38797311
1787124989771446242	38862847
1787124989853512502	35160063
1787124989976537187	43614207
1787124990102706505	32292863
1787124990188058884	38895615
1787124990292539353	38830079
1787124990355803391	35520511
1787124990480575737	35422207
1787124990565649656	29130751
1787124990647679500	38895615
1787124990753814584	35291135
1787124990837778885	38928383
1787124990939698786	43745279
1787124991042674883	31375359
1787124991167568684	43778047
1787124991231118638	32342015
1787124991334679450	35389439
1787124991439507746	39223295
1787124991540784008	35422207
1787124991646989352	35389439
1787124991732974675	35553279
1787124991837739687	39354367
1787124991959155992	32702463
1787124992042247968	39485439
1787124992105107369	39485439
1787124992228755761	35028991
1787124992331669429	39190527
1787124992392422160	35356671
1787124992534773655	38830079
1787124992637743678	38567935
1787124992740973675	35028991
1787124992886487446	35422207
1787124992967525420	32161791
1787124993070406982	38502399
1787124993131750714	38567935
1787124993233262822	38600703
1787124993334809070	45055999
1787124993421557285	35028991
1787124993523480482	35749887
1787124993625415643	38862847
1787124993727795888	32260095
1787124993788642909	30687231
1787124993911204100	35258367
1787124994012492847	35979263
1787124994135553856	35127295
1787124994238695031	45383679
1787124994319723168	36110335
1787124994441995648	36175871
1787124994565845351	39321599
1787124994647757189	45416447
1787124994769959525	39256063
1787124994852185175	33013759
1787124994953405613	35946495
1787124995118909410	33210367
1787124995240420535	45547519
1787124995326979348	35815423
1787124995428131477	35749887
1787124995509245633	35749887
1787124995631770919	39878655
1787124995672527475	35880959
1787124995796567100	35651583
1787124995898216341	32669695
1787124995979296919	33783807
1787124996060660361	32751615
1787124996184556358	36503551
1787124996285953427	32686079
1787124996408219606	35389439
1787124996514010381	45809663
1787124996616433515	34045951
1787124996719545891	36601855
1787124996800601000	40370175
1787124996884217034	45744127
1787124996988094168	45187071
1787124997091239504	35586047
1787124997195646569	44924927
1787124997256439128	40402943
1787124997381517226	37027839
1787124997464974301	37093375
1787124997627768435	33177599
1787124997711315308	35913727
1787124997814433215	37322751
1787124997918703801	34439167
1787124998021395994	37257215
1787124998324852235	37322751
1787124998409347216	37650431
1787124998513894773	33472511
1787124998616393216	40927231
1787124998718040326	34439167
1787124998821120374	37879807
1787124998881879600	34570239
1787124999005077527	41058303
1787124999107402494	36863999
1787124999209882033	41189375
1787124999291610242	34701311
1787124999395113600	40992767
1787124999475977724	40992767
1787124999597923940	41058303
1787124999699748999	34996223
1787124999781691843	41156607
1787124999864026725	40632319
1787124999966678231	36863999
1787125000149332876	40730623
1787125000251525314	40763391
1787125000333531134	37158911
1787125000395614552	40894463
1787125000539670572	35422207
1787125000641893448	38371327
1787125000724229287	37289983
1787125000825319635	37421055
1787125000906221513	32800767
1787125000988514468	40730623
1787125001091108713	40534015
1787125001273995622	37617663
1787125001337400051	40763391
1787125001500264929	37683199
1787125001601591677	39157759
1787125001705438396	37683199
1787125001787080251	37715967
1787125001868127896	41091071
1787125001972739273	41058303
1787125002073996788	34603007
1787125002196238287	47349759
1787125002302562494	38993919
1787125002385549898	38928383
1787125002487043526	47546367
1787125002588279444	41451519
1787125002669768630	34865151
1787125002812004327	47480831
1787125002914057252	35356671
1787125002995812742	40828927
1787125003079242574	39157759
1787125003201543962	39092223
1787125003282767798	47808511
1787125003364317520	40271871
1787125003468558455	38600703
1787125003634749021	47775743
1787125003695957790	37388287
1787125003920634735	38666239
1787125004006634608	38141951
1787125004108518505	38174719
1787125004217102637	40861695
1787125004302975486	32686079
1787125004409255645	41025535
1787125004495644734	32882687
1787125004601097863	36470783
1787125004683508686	38076415
1787125004790153146	37912575
1787125004894915019	41353215
1787125004983794663	33980415
1787125005087461254	41418751
1787125005186003999	41451519
1787125005270556014	38338559
1787125005331306234	41582591
1787125005476332477	36372479
1787125005557421777	32342015
1787125005619676682	41648127
1787125005765195003	38895615
1787125005870473779	35651583
1787125005974795919	41615359
1787125006057959765	48693247
1787125006162720261	38273023
1787125006289549240	48463871
1787125006374815856	38338559
1787125006458090999	39059455
1787125006542745254	39026687
1787125006646137920	38862847
1787125006727204631	36470783
1787125006828572754	36503551
1787125006930585108	41975807
1787125007033464871	34439167
1787125007094331150	39059455
1787125007197452056	39026687
1787125007279794411	42205183
1787125007384465050	31752191
1787125007466987798	42270719
1787125007549588800	35618815
1787125007671080836	38928383
1787125007772209137	42270719
1787125007877553197	35422207
1787125007959228281	38764543
1787125008061000107	48955391
1787125008162245700	39092223
1787125008243306736	42172415
1787125008344541402	34897919
1787125008447089940	38895615
1787125008530667567	38928383
1787125008634695385	39092223
1787125008735706892	42369023
1787125008817656429	48758783
1787125008938899763	42434559
1787125009020550070	42565631
1787125009183259834	39288831
1787125009266526439	42500095
1787125009368517040	39387135
1787125009552546860	38371327
1787125009653650342	39354367
1787125009754653817	38305791
1787125009855677859	43024383
1787125009957989713	39288831
1787125010019094979	39256063
1787125010121857952	42926079
1787125010223181040	38961151
1787125010326252007	42729471
1787125010407077830	42598399
1787125010509348571	36634623
1787125010590814462	42795007
1787125010713469983	34340863
1787125010796219264	38174719
1787125010897307773	39354367
1787125010999129809	36012031
1787125011080509696	38338559
1787125011181664394	39518207
1787125011242911899	39550975
1787125011384261616	39419903
1787125011485307592	41877503
1787125011588509692	39649279
1787125011674028248	37126143
1787125011779813732	49709055
1787125011867696630	41746431
1787125012013300679	41811967
1787125012094719289	38862847
1787125012239462741	49381375
1787125012346539146	36601855
1787125012431416623	39944191
1787125012537519067	42270719
1787125012641543764	41877503
1787125012744859287	35586047
1787125012826866873	36962303
1787125012933741530	39976959
1787125013042507025	30965759
1787125013125506428	37027839
1787125013251317844	39256063
1787125013353526856	41943039
1787125013437339172	27344895
1787125013523507007	35454975
1787125013604334797	42270719
1787125013732118280	42270719
1787125013833222066	39485439
1787125013915032635	40206335
1787125014016052462	40271871
1787125014097996385	39288831
1787125014180561616	42336255
1787125014302720462	40468479
1787125014403829908	40501247
1787125014525719813	40402943
1787125014627033379	42532863
1787125014710116676	30900223
1787125014792299683	42467327
1787125014894108964	42500095
1787125014995323487	38305791
1787125015339231605	50364415
1787125015420861403	33947647
1787125015523351787	40796159
1787125015607165967	36765695
1787125015709911750	40894463
1787125015793527408	42926079
1787125015915156040	42991615
1787125015996470775	38764543
1787125016118885040	50266111
1787125016201873238	37191679
1787125016323408883	43253759
1787125016405077707	41156607
1787125016508725898	43352063
1787125016630006288	38797311
1787125016671827018	41058303
1787125016793129747	36995071
1787125016874573912	37060607
1787125016976847734	49774591
1787125017078606800	39124991
1787125017180894112	43057151
1787125017281868167	36929535
1787125017364420810	40796159
1787125017466989727	39288831
1787125017572533078	36601855
1787125017674497361	43253759
1787125017755902709	39452671
1787125017858523196	41156607
1787125017981456500	43352063
1787125018042036886	43220991
1787125018144729960	42991615
1787125018248718568	41222143
1787125018329657588	36831231
1787125018411342195	50233343
1787125018514065889	39944191
1787125018617179321	42729471
1787125018760517637	42729471
1787125018845044503	34832383
1787125018930505142	42827775
1787125019054371258	42795007
1787125019139813672	41549823
1787125019247710847	41648127
1787125019352541181	42500095
1787125019455531031	39944191
1787125019570286236	42270719
1787125019676530049	29818879
1787125019717280058	42401791
1787125019901944104	42467327
1787125020025574992	40271871
1787125020107183743	40370175
1787125020236804458	49512447
1787125020342203935	42795007
1787125020426762212	42762239
1787125020554836531	40697855
1787125020817962917	42827775
1787125020940556773	42893311
1787125021022715959	40763391
1787125021126933195	43024383
1787125021211493748	37748735
1787125021313256725	37781503
1787125021396236906	43057151
1787125021501576075	42237951
1787125021583529054	43024383
1787125021666078862	50233343
1787125021769564341	42401791
1787125021830307536	37912575
1787125021934537273	37912575
1787125022036819994	43253759
1787125022120678471	35127295
1787125022222659456	41353215
1787125022306540247	43220991
1787125022387587750	42795007
1787125022510510690	41254911
1787125022613739938	41484287
1787125022738685302	42467327
1787125022819994814	36339711
1787125022902432064	42401791
1787125023008309197	41648127
1787125023130671810	42434559
1787125023193730322	50429951
1787125023298551029	43876351
1787125023424776352	43810815
1787125023505797604	36732927
1787125023606985068	43876351
1787125023711007574	42041343
1787125023793525284	36765695
1787125023878589489	43679743
1787125023999962463	38404095
1787125024102523915	43614207
1787125024205148482	38567935
1787125024289446288	42991615
1787125024412192427	38371327
1787125024493248862	50561023
1787125024614843005	43188223
1787125024698392958	29851647
1787125024781968383	43319295
1787125024883159338	38273023
1787125024984575368	43384831
1787125025065694875	43417599
1787125025168515024	43417599
1787125025472778146	50692095
1787125025594231039	43646975
1787125025676852134	43286527
1787125025799546196	43679743
1787125025903541550	43712511
1787125025964232145	37650431
1787125026093550269	43679743
1787125026158520831	43548671
1787125026281549011	44040191
1787125026343305186	43417599
1787125026468916408	43122687
1787125026549925842	43581439
1787125026680316847	42663935
1787125026764536791	51347455
1787125026848277387	38993919
1787125026954536427	38830079
1787125027058349634	44335103
1787125027119304056	42926079
1787125027223687986	42926079
1787125027304682772	44040191
1787125027416576266	43941887
1787125027522589500	44466175
1787125027624497837	39026687
1787125027727899313	44040191
1787125027791735936	39092223
1787125027916840291	43843583
1787125027977519489	44072959
1787125028080107998	39092223
1787125028182506618	42958847
1787125028266865015	42762239
1787125028368785545	42762239
1787125028472247965	44335103
1787125028555546325	42663935
1787125028658643556	52264959
1787125028759760262	39223295
1787125028841623467	44662783
1787125028942684849	44761087
1787125029064725392	44531711
1787125029147674797	44597247
1787125029232046048	42598399
1787125029333529914	44728319
1787125029418735154	44531711
1787125029519905667	44826623
1787125029621027390	44924927
1787125029722775091	42926079
1787125029806467101	52199423
1787125029909971631	34111487
1787125030011173813	45154303
1787125030116007411	45219839
1787125030199640773	40108031
1787125030281693040	45449215
1787125030406907043	45350911
1787125030467699819	43352063
1787125030591814391	45187071
1787125030716059801	40206335
1787125030817456220	40173567
1787125030878297290	45416447
1787125031001993814	40075263
1787125031083036561	45547519
1787125031184530450	44957695
1787125031305973001	43745279
1787125031386931304	43384831
1787125031488551205	45711359
1787125031595039480	38699007
1787125031677776341	45023231
1787125031761923359	45416447
1787125032107861894	45055999
1787125032250608070	52789247
1787125032311320958	34275327
1787125032412550786	45449215
1787125032534781104	40108031
1787125032616100339	45318143
1787125032719327001	45645823
1787125032822176104	40370175
1787125032924539506	45711359
1787125033007711716	45383679
1787125033090204530	43548671
1787125033213982834	45481983
1787125033315077882	45088767
1787125033424270028	40468479
1787125033505249243	45744127
1787125033590956781	43843583
1787125033715161246	52756479
1787125033797084773	45907967
1787125033920736220	40042495
1787125033985137503	43679743
1787125034115773199	46170111
1787125034179417224	40140799
1787125034303756831	46333951
1787125034368656695	43810815
1787125034492533280	46465023
1787125034578575631	45481983
1787125034665562559	40271871
1787125034751129578	46333951
1787125034834563956	46071807
1787125034979811051	45318143
1787125035042333730	46268415
1787125035188522059	46333951
1787125035280569527	45383679
1787125035402548888	43483135
1787125035465642876	45252607
1787125035570198368	45088767
1787125035676740962	45121535
1787125035759552858	46497791
1787125035862725816	46301183
1787125035945284424	41091071
1787125036090751433	45416447
1787125036193048051	40828927
1787125036277957176	46497791
1787125036360121701	40566783
1787125036503698562	46596095
1787125036609525178	41222143
1787125036691453713	46727167
1787125036794046322	46661631
1787125036896947355	45219839
1787125037000159506	44040191
1787125037103289240	46694399
1787125037184169099	46628863
1787125037346698771	46727167
1787125037449017515	46661631
1787125037509796521	41287679
1787125037853979567	41517055
1787125037937544134	46039039
1787125038018508633	46104575
1787125038140537779	47120383
1787125038221456307	45973503
1787125038322639257	45514751
1787125038404047699	44367871
1787125038506876224	47120383
1787125038628285858	44466175
1787125038710971894	40927231
1787125038832483579	45252607
1787125038913331437	55279615
1787125039075946329	44335103
1787125039137721126	46628863
1787125039239215883	45514751
1787125039340493818	44072959
1787125039442162581	46825471
1787125039543481671	46956543
1787125039704088829	43679743
1787125039704153784	55541759
1787125039869742355	41287679
1787125039971739290	45023231
1787125040052606563	43941887
1787125040135965542	47284223
1787125040238089576	45023231
1787125040340879227	44793855
1787125040467512914	43974655
1787125040548451484	47251455
1787125040649984707	41484287
1787125040751539064	44072959
1787125040832438556	41549823
1787125040954935577	47480831
1787125041037732905	47546367
1787125041143563422	41811967
1787125041247504719	44302335
1787125041352466553	42008575
1787125041435599136	47742975
1787125041519731289	45514751
1787125041623877046	45383679
1787125041749334003	43909119
1787125041833701538	45416447
1787125041940529099	48037887
1787125042046530578	45613055
1787125042108831665	45547519
1787125042257126082	45580287
1787125042361979063	48431103
1787125042490043327	40697855
1787125042592927240	56066047
1787125042719501863	45383679
1787125042763486210	48201727
1787125042908603877	44236799
1787125042993565899	55902207
1787125043074493107	44367871
1787125043158699433	48463871
1787125043403688329	43024383
1787125043507504910	48365567
1787125043608509704	46039039
1787125043712146055	48463871
1787125043814743513	35127295
1787125043895891439	46268415
1787125043997526218	48758783
1787125044098650557	46399487
1787125044182152835	44695551
1787125044263155439	43057151
1787125044364259763	48496639
1787125044446691333	41910271
1787125044550096886	48660479
1787125044631893967	44793855
1787125044715604606	44892159
1787125044858383813	46530559
1787125044939231758	41943039
1787125045021638697	56557567
1787125045122752387	46432255
1787125045244069225	46366719
1787125045324918544	44695551
1787125045405872871	48660479
1787125045568336466	46465023
1787125045649372426	48857087
1787125045831694987	46465023
1787125045932737976	44990463
1787125046036508503	56688639
1787125046117737753	41287679
1787125046220266754	44924927
1787125046323533273	46858239
1787125046424670537	45121535
1787125046505903488	42008575
1787125046609323145	44957695
1787125046690254570	47153151
1787125046771533210	45121535
1787125046892720099	49577983
1787125046953408062	44892159
1787125047055529161	49283071
1787125047159016700	49446911
1787125047241931966	44924927
1787125047343118774	49577983
1787125047424536725	47316991
1787125047527111894	49446911
1787125047628513691	42237951
1787125047732736385	45154303
1787125047833827231	45187071
1787125047915714990	45154303
1787125047996522406	47480831
1787125048117739115	49938431
1787125048239818098	50003967
1787125048322042968	42401791
1787125048423622393	47546367
1787125048527848343	57180159
1787125048633526006	47710207
1787125048718707547	44859391
1787125049072259596	50266111
1787125049157532820	42369023
1787125049239523092	48234495
1787125049343124510	48201727
1787125049403809772	50429951
1787125049554319198	48267263
1787125049658536702	48300031
1787125049739909617	42663935
1787125049852511434	42729471
1787125049935974394	45547519
1787125050058750813	50233343
1787125050139816338	48562175
1787125050240972424	48529407
1787125050348546090	48431103
1787125050429548653	48365567
1787125050533563042	48365567
1787125050654923861	57147391
1787125050717511911	48267263
1787125050819343694	50692095
1787125050922408227	45580287
1787125051025574470	57081855
1787125051126849136	42795007
1787125051187661301	56852479
1787125051288858387	42369023
1787125051390956221	45678591
1787125051472003461	50036735
1787125051555791024	48267263
1787125051677814994	42008575
1787125051780763039	48103423
1787125051863951272	42303487
1787125051969664763	47972351
1787125052051950088	43384831
1787125052112904549	50102271
1787125052236708585	49905663
1787125052318674551	47972351
1787125052421822968	50036735
1787125052484510524	56918015
1787125052585625236	48168959
1787125052689822115	50266111
1787125052831549145	43220991
1787125052913181413	46366719
1787125053038238566	57311231
1787125053119125508	42696703
1787125053221980544	48660479
1787125053324281035	50724863
1787125053429546864	48300031
1787125053531676656	50528255
1787125053617724991	43581439
1787125053720448138	48398335
1787125053823178678	48431103
1787125053925849029	45514751
1787125054026954859	50429951
1787125054089532398	45711359
1787125054252512687	48857087
1787125054336598098	50495487
1787125054418068550	43352063
1787125054742552647	41910271
1787125054845571720	50888703
1787125054948480762	49184767
1787125055029443153	42106879
1787125055131950051	46333951
1787125055255552733	49348607
1787125055317900453	49381375
1787125055420988435	44072959
1787125055508758127	51183615
1787125055614758561	43614207
1787125055698177979	49348607
1787125055804620767	36765695
1787125055912564251	51249151
1787125055995547603	49446911
1787125056118959801	49250303
1787125056203534231	46235647
1787125056329742314	49250303
1787125056394184852	42795007
1787125056501746354	51544063
1787125056564848650	46104575
1787125056730770139	46039039
1787125056793557919	51511295
1787125056923868017	46006271
1787125057008527105	51118079
1787125057093728053	44498943
1787125057239459287	45776895
1787125057324536072	45744127
1787125057406555845	50003967
1787125057510899525	51478527
1787125057633067539	44204031
1787125057695975762	44269567
1787125057797738732	51118079
1787125057900668309	36470783
1787125057981770983	51118079
1787125058064102790	37486591
1787125058186734099	59768831
1787125058270125874	51052543
1787125058351032470	45187071
1787125058472669973	50790399
1787125058596989383	44695551
1787125058637479370	51314687
1787125058782521708	50823167
1787125058843145806	51412991
1787125058985694042	50692095
1787125059068831878	51544063
1787125059170138210	45580287
1787125059251669796	45645823
1787125059353130344	51085311
1787125059435816018	45678591
1787125059557813500	51085311
1787125059639591531	51052543
1787125059743528697	51183615
1787125059844637154	51150847
1787125059907121358	51281919
1787125060113805225	51085311
1787125060278741972	51183615
1787125060379946253	44171263
1787125060481084766	46333951
1787125060522730393	51478527
1787125060646511076	51380223
1787125060747877228	44695551
1787125060848967392	61014015
1787125060950545478	44728319
1787125061032522572	51675135
1787125061135271786	46596095
1787125061237513102	51249151
1787125061319523952	51183615
1787125061423481030	51806207
1787125061527719998	51740671
1787125061609873497	51249151
1787125061731330024	51806207
1787125061814215591	46366719
1787125061918149788	51806207
1787125061999025073	61243391
1787125062121295152	44531711
1787125062222416445	51773439
1787125062283165522	46596095
1787125062404629140	52199423
1787125062507515453	45383679
1787125062611269032	52035583
1787125062696392653	46858239
1787125062823345664	61112319
1787125062906167469	52199423
1787125063009707385	51642367
1787125063114328359	45187071
1787125063219929345	61145087
1787125063323906740	60981247
1787125063386700912	39682047
1787125063503263831	52690943
1787125063586960499	44924927
1787125063689286219	52822015
1787125063813223259	52920319
1787125063897675074	45121535
1787125064000945262	53018623
1787125064105930282	36241407
1787125064166967712	45875199
1787125064290747107	53051391
1787125064393820501	53084159
1787125064478763832	46465023
1787125064564517066	53182463
1787125064669025885	45678591
1787125064754051974	53346303
1787125064858563084	46366719
1787125064962829262	53247999
1787125065048176983	46596095
1787125065171422897	46694399
1787125065273665817	52101119
1787125065376552591	52035583
1787125065478538995	53477375
1787125065560824283	45678591
1787125065645527831	60555263
1787125065747747640	53346303
1787125065848881598	52035583
1787125066051274053	45645823
1787125066135164923	45711359
1787125066257535011	52101119
1787125066359536719	53706751
1787125066420552300	46366719
1787125066523991901	52133887
1787125066605987151	51937279
1787125066728189436	52035583
1787125066809195769	46006271
1787125066910350679	47841279
1787125066993077982	47874047
1787125067073959078	60981247
1787125067196436035	52101119
1787125067318135880	52035583
1787125067399322442	51970047
1787125067543663500	47742975
1787125067627147537	53805055
1787125067749081559	47513599
1787125067830743379	46399487
1787125067913113708	52330495
1787125068055944635	61341695
1787125068159301384	47513599
1787125068262527406	54362111
1787125068344078216	54329343
1787125068427923514	54394879
1787125068552771406	52625407
1787125068635037005	54525951
1787125068738722182	54591487
1787125068839841281	47546367
1787125068922090576	47284223
1787125069023614817	47185919
1787125069125331836	46202879
1787125069229541185	52887551
1787125069332524092	52133887
1787125069414742953	61833215
1787125069516046970	46071807
1787125069598669482	54951935
1787125069723293170	54886399
1787125069825335438	47546367
1787125069907959618	54984703
1787125070030500962	47742975
1787125070111352051	52002815
1787125070196085875	45842431
1787125070297703371	52199423
1787125070419265834	55017471
1787125070543114639	48070655
1787125070627957966	55148543
1787125070753442294	55017471
1787125070856700358	47841279
1787125070963011663	55083007
1787125071045222356	40402943
1787125071154742007	48070655
1787125071238520864	52592639
1787125071444007831	55279615
1787125071546955111	48300031
1787125071652317635	52887551
1787125071756522747	40468479
1787125071820710761	55476223
1787125071927779683	52494335
1787125072051758825	55541759
1787125072134126969	46858239
1787125072239459840	55574527
1787125072362176705	46596095
1787125072449343538	55738367
1787125072551473449	48398335
1787125072632386729	55967743
1787125072754440687	52330495
1787125072857437769	48136191
1787125072920072591	56164351
1787125073062839117	47153151
1787125073144109085	56328191
1787125073246777554	61931519
1787125073349683228	52789247
1787125073451417757	47874047
1787125073553512976	56328191
1787125073616751094	47972351
1787125073719854661	47284223
1787125073841288476	56590335
1787125073944515811	47513599
1787125074045509013	62128127
1787125074126349616	56754175
1787125074227421673	47972351
1787125074329732978	53018623
1787125074494692826	56655871
1787125074616038229	47153151
1787125074696993330	47513599
1787125074819888010	62291967
1787125074920999254	48005119
1787125075024542793	52592639
1787125075128298668	52559871
1787125075209732550	56623103
1787125075313444664	52592639
1787125075395539129	52592639
1787125075497309558	52101119
1787125075598931419	56492031
1787125075706544595	51544063
1787125075807667765	62783487
1787125075889713929	50757631
1787125076013910754	48103423
1787125076117538227	62947327
1787125076239530529	46530559
1787125076321661332	56885247
1787125076424543254	56918015
1787125076528972075	57049087
1787125076609971406	46661631
1787125076711453939	57147391
1787125076813996023	48168959
1787125076876077543	46563327
1787125077199793810	63209471
1787125077260950304	48529407
1787125077384466625	48103423
1787125077487212457	51511295
1787125077589189880	57081855
1787125077674155007	51609599
1787125077759283754	51576831
1787125077842204302	63340543
1787125077925679759	51642367
1787125078049975702	63275007
1787125078137561280	47906815
1787125078221767065	57507839
1787125078327737827	48431103
1787125078413518996	51675135
1787125078522342246	48365567
1787125078624608987	57671679
1787125078708205691	57442303
1787125078810515851	46891007
1787125078891396970	52002815
1787125078974825605	57540607
1787125079077038145	48136191
1787125079178118255	57016319
1787125079285545959	47153151
1787125079389076476	63799295
1787125079473517256	57147391
1787125079574535757	47742975
1787125079675874163	57343999
1787125079776992657	57376767
1787125079878670756	63963135
1787125079961029167	51904511
1787125080063241976	51904511
1787125080144083281	51937279
1787125080267573201	57737215
1787125080372098131	42237951
1787125080454049911	57835519
1787125080538065164	52133887
1787125080641743497	64552959
1787125080763882837	57802751
1787125080906295281	57671679
1787125080987196092	47120383
1787125081089677206	52461567
1787125081171423877	48496639
1787125081292733844	57966591
1787125081375080680	57933823
1787125081478487116	52592639
1787125081579666893	52658175
1787125081681348270	58097663
1787125081762507577	48070655
1787125081843733398	58097663
1787125081946534867	58195967
1787125082048620617	48103423
1787125082130989614	57802751
1787125082212003519	45449215
1787125082315747740	57671679
1787125082396648972	64421887
1787125082499331781	52854783
1787125082824715814	45744127
1787125082927891776	64258047
1787125083050548377	48332799
1787125083155506757	53346303
1787125083238709589	48431103
1787125083299424502	45285375
1787125083421440359	64290815
1787125083524696236	53510143
1787125083627129610	48627711
1787125083728631302	42237951
1787125083813265543	53641215
1787125083914518385	53215231
1787125083996519119	47972351
1787125084118888176	47906815
1787125084180803248	59179007
1787125084283797045	47710207
1787125084407477637	53575679
1787125084490552520	59047935
1787125084591865654	45842431
1787125084674158328	58949631
1787125084796152145	64978943
1787125084898327108	47415295
1787125084963540121	58654719
1787125085086134064	64815103
1787125085168739763	52592639
1787125085271748374	46891007
1787125085354140984	58785791
1787125085458549957	52166655
1787125085542705868	49053695
1787125085644651772	52297727
1787125085715059282	59080703
1787125085823527310	47448063
1787125085928859799	59015167
1787125086012101870	42926079
1787125086114745470	65372159
1787125086217306868	52494335
1787125086278486978	49348607
1787125086382462406	52494335
1787125086491552402	43089919
1787125086577773481	49119231
1787125086683545594	52658175
1787125086789145929	52264959
1787125086872580233	48824319
1787125086994100898	58785791
1787125087101738171	47742975
1787125087205509103	58654719
1787125087347338158	46104575
1787125087409422266	58556415
1787125087530956055	51970047
1787125087622541903	51970047
1787125087746785001	58654719
1787125087807665082	48529407
1787125087909736987	51806207
1787125088011954308	48594943
1787125088114283695	58851327
1787125088268663353	52035583
1787125088473997849	52101119
1787125088575531123	59113471
1787125088680128826	48070655
1787125088740865669	47874047
1787125088843322121	36536319
1787125088947314739	52232191
1787125089069752519	66256895
1787125089171058310	48300031
1787125089253244767	52494335
1787125089377548580	52592639
1787125089458523527	59637759
1787125089541281739	48463871
1787125089663725163	52461567
1787125089745783719	59834367
1787125089868944780	48660479
1787125089950885102	59965439
1787125090032744317	44728319
1787125090134630267	66387967
1787125090237546037	48857087
1787125090340895730	48168959
1787125090401925051	52985855
1787125090547968767	60096511
1787125090631545058	66453503
1787125090754068673	44728319
1787125090858241556	53116927
1787125090918961089	48070655
1787125091041568137	66453503
1787125091145476545	59506687
1787125091207529069	48037887
1787125091329433798	44793855
1787125091410285425	53542911
1787125091491259340	48332799
1787125091573735644	59506687
1787125091695681477	53673983
1787125091778031972	48431103
1787125091899720287	47939583
1787125091982311615	53477375
1787125092087521446	59277311
1787125092190615187	66027519
1787125092272159118	59473919
1787125092375126825	59277311
1787125092458539282	48267263
1787125092580039036	53444607
1787125092640694158	48332799
1787125092807044260	59473919
1787125092912180227	48857087
1787125093016705090	59736063
1787125093123699923	48463871
1787125093206212522	49020927
1787125093291444559	45416447
1787125093416156556	59604991
1787125093504127352	49250303
1787125093589565345	59441151
1787125093717075047	49381375
1787125093797678021	47120383
1787125094087501921	59342847
1787125094168322966	66256895
1787125094453022710	66158591
1787125094514050173	59637759
1787125094676737363	59703295
1787125094779026582	45121535
1787125094860779468	53641215
1787125094943736726	47579135
1787125095045745980	49643519
1787125095148213498	53837823
1787125095229737662	49676287
1787125095311516688	45481983
1787125095412723367	59998207
1787125095515561090	50331647
1787125095598179461	60227583
1787125095680075779	49086463
1787125095781531457	66781183
1787125095883213565	60293119
1787125095964143599	50429951
1787125096045680327	49348607
1787125096149787533	50495487
1787125096250994905	54034431
1787125096332829456	49217535
1787125096415911078	53936127
1787125096517992483	60030975
1787125096599331859	54099967
1787125096743681226	66912255
1787125096825827305	53641215
1787125096926956663	59899903
1787125097030818512	53575679
1787125097091733274	53346303
1787125097194764769	53084159
1787125097296067070	60129279
1787125097378537825	45645823
1787125097439351292	60194815
1787125097601205466	67436543
1787125097661984010	60325887
1787125097784154662	48758783
1787125097888555705	53477375
1787125097949248347	60555263
1787125098071409560	60555263
1787125098172703376	53411839
1787125098276136669	60686335
1787125098377674464	48889855
1787125098479910392	51150847
1787125098581221799	60817407
1787125098665536939	53247999
1787125098769019498	60948479
1787125098850049716	48332799
1787125098951958877	60817407
1787125099013543482	68419583
1787125099135745981	53379071
1787125099217348319	53444607
1787125099300075117	53542911
1787125099407532830	49283071
1787125099811705971	53673983
1787125099906521378	54067199
1787125100022397415	49151999
1787125100125209195	49938431
1787125100209301959	61669375
1787125100314303813	68943871
1787125100437981029	54460415
1787125100545276274	46661631
1787125100627525464	52199423
1787125100732548896	69009407
1787125100814746686	61800447
1787125100937845612	61702143
1787125101040197810	51347455
1787125101141442278	54984703
1787125101222576424	49676287
1787125101325398262	61538303
1787125101448109564	61603839
1787125101529561152	51281919
1787125101632160343	61669375
1787125101733927253	61538303
1787125101835805981	51380223
1787125101940328866	60784639
1787125102001616365	54460415
1787125102124003005	50855935
1787125102225173777	60784639
1787125102306571083	50724863
1787125102409143324	54558719
1787125102491880786	54591487
1787125102593726808	60948479
1787125102676767037	61046783
1787125102757738973	42074111
1787125102879959382	54919167
1787125102981128059	51183615
1787125103062001159	54820863
1787125103184463316	54558719
1787125103265952805	51249151
1787125103408122732	70189055
1787125103492117584	54362111
1787125103614301177	70320127
1787125103675546429	61571071
1787125103798236919	54624255
1787125103881956935	61734911
1787125104023653457	51118079
1787125104084499097	61341695
1787125104248981181	69206015
1787125104329888145	51281919
1787125104472393509	61276159
1787125104554159515	61079551
1787125104680535404	53837823
1787125104761511206	61079551
1787125104864139578	54067199
1787125104965954109	51707903
1787125105026673692	54198271
1787125105330251120	69599231
1787125105433324958	51707903
1787125105538533702	54591487
1787125105599895641	69468159
1787125105722547040	61603839
1787125105807552767	69337087
1787125105888502635	53805055
1787125106050452950	53805055
1787125106160501968	51347455
1787125106265040090	51118079
1787125106348580646	53772287
1787125106452746616	51118079
1787125106559026034	61865983
1787125106641751431	48955391
1787125106768510764	53673983
1787125106871956543	62029823
1787125106956574971	61964287
1787125107164333607	53641215
1787125107247466372	53673983
1787125107329915528	51707903
1787125107447526337	51183615
1787125107536570262	51773439
1787125107617542902	51183615
1787125107704707467	62324735
1787125107830063920	53870591
1787125107915003168	62226431
1787125107996627045	52133887
1787125108099525473	62324735
1787125108202572029	51937279
1787125108305331713	54132735
1787125108387947444	54198271
1787125108493324084	62390271
1787125108595511949	54296575
1787125108698980882	51740671
1787125108800948531	70320127
1787125108884153702	62455807
1787125109008007147	51806207
1787125109050647749	54394879
1787125109194048229	70254591
1787125109275401112	51478527
1787125109378747969	47284223
1787125109479933449	53903359
1787125109582106351	51609599
1787125109685696986	62619647
1787125109767528063	62750719
1787125109889696475	51118079
1787125109971951230	54067199
1787125110095522126	62914559
1787125110197437857	53968895
1787125110278551677	63045631
1787125110402514920	50823167
1787125110464512075	53968895
1787125110568737575	53968895
1787125110698727872	70647807
1787125110739193349	51970047
1787125111162031088	70647807
1787125111286959230	50855935
1787125111347690904	70713343
1787125111450303690	54657023
1787125111551460770	63799295
1787125111654227856	63602687
1787125111755547050	63504383
1787125111836970922	70713343
1787125111959549466	53608447
1787125112021700948	51904511
1787125112122756669	50364415
1787125112223857225	51970047
1787125112325139965	53870591
1787125112408545124	50364415
1787125112550283740	54034431
1787125112631209717	70582271
1787125112712942989	64028671
1787125112835064278	52232191
1787125112919086090	64192511
1787125113020269093	49479679
1787125113144557989	53870591
1787125113246592747	50757631
1787125113358572390	64454655
1787125113461285251	50888703
1787125113565536092	51970047
1787125113651784188	64421887
1787125113783749977	52396031
1787125113867257001	53870591
1787125113974874735	64618495
1787125114097532151	64684031
1787125114199903993	53968895
1787125114283534951	52723711
1787125114370708480	64290815
1787125114517521865	54001663
1787125114602592463	52297727
1787125114727529240	70516735
1787125114809775938	64552959
1787125114956797535	52396031
1787125115101563861	70254591
1787125115164857828	52690943
1787125115289385789	53936127
1787125115392522078	52854783
1787125115475191132	50823167
1787125115579901115	54034431
1787125115662710242	50233343
1787125115786000203	53084159
1787125115866902625	64913407
1787125115968029780	53280767
1787125116050555447	48398335
1787125116152256211	53444607
1787125116233559260	53968895
1787125116314426128	50397183
1787125116395274756	53608447
1787125116557664545	44498943
1787125116638746726	70582271
1787125116741322156	53936127
1787125116822658762	65044479
1787125116924912308	45449215
1787125117005868594	65011711
1787125117107723101	65110015
1787125117211092891	70647807
1787125117312308316	53575679
1787125117415050704	53641215
1787125117497510648	53706751
1787125117598875120	53739519
1787125117700558994	65437695
1787125117802534312	50495487
1787125117863170097	65503231
1787125117984630858	65535999
1787125118067572738	49971199
1787125118168709334	53870591
1787125118241222654	65699839
1787125118425117359	53936127
1787125118510539215	53870591
1787125118631861045	50200575
1787125118692557437	65765375
1787125118816531418	54034431
1787125118877190376	65929215
1787125118980926797	50200575
1787125119082018872	65863679
1787125119184716156	54132735
1787125119266967283	53379071
1787125119389428588	54493183
1787125119450147871	54427647
1787125119554062415	66060287
1787125119675784670	54263807
1787125119777951320	54689791
1787125119839536624	53510143
1787125119942412746	70909951
1787125120044487197	65568767
1787125120146534481	53608447
1787125120249632837	65699839
1787125120352736773	54984703
1787125120434733418	65535999
1787125120537175988	53542911
1787125120640523475	65732607
1787125120729186163	50266111
1787125120811472184	53772287
1787125120936393615	65830911
1787125121020127619	53510143
1787125121124519705	53510143
1787125121227535706	55279615
1787125121312555281	53542911
1787125121413803266	49971199
1787125121518545090	50298879
1787125121581628239	65961983
1787125121687339113	65798143
1787125121789927943	65273855
1787125121893976497	65339391
1787125121974668035	50331647
1787125122199742500	56033279
1787125122301829379	56098815
1787125122405557535	52920319
1787125122506564436	56229887
1787125122607606230	56131583
1787125122709557047	56229887
1787125122836491345	50462719
1787125122917767158	50069503
1787125123000904048	53772287
1787125123103482721	65634303
1787125123206932784	71172095
1787125123328211376	65601535
1787125123410929582	71237631
1787125123494766702	55771135
1787125123636572064	52658175
1787125123738638521	55738367
1787125123843552694	52658175
1787125123904205177	65994751
1787125124046978923	65372159
1787125124148114390	52625407
1787125124250952086	65077247
1787125124333557333	56033279
1787125124434710016	53149695
1787125124536295040	56164351
1787125124658552918	52068351
1787125124740797903	50397183
1787125124844444754	71368703
1787125124926275415	50266111
1787125125048255718	65503231
1787125125150300676	50003967
1787125125212651531	56426495
1787125125335766106	56459263
1787125125417146260	65535999
1787125125499184385	56557567
1787125125580666751	65404927
1787125125702101112	56655871
1787125125804017905	53477375
1787125125884953524	53444607
1787125125987352413	56721407
1787125126109522913	53542911
1787125126194957793	64978943
1787125126276219499	56885247
1787125126377485132	49774591
1787125126480983655	71958527
1787125126544771808	57049087
1787125126687163608	71761919
1787125126767956581	56754175
1787125126911598423	56786943
1787125126992581501	64258047
1787125127094776676	56819711
1787125127196548449	50528255
1787125127299054759	53968895
1787125127421134940	63602687
1787125127503628358	54198271
1787125127566923011	50364415
1787125127856557663	63700991
1787125127940883744	57245695
1787125128044663216	52887551
1787125128126127140	63832063
1787125128251819282	57442303
1787125128314234723	63864831
1787125128437647782	63832063
1787125128523557746	54329343
1787125128606523695	71368703
1787125128712621459	57278463
1787125128817436812	54460415
1787125128902187356	71106559
1787125128962968682	64028671
1787125129088066497	70909951
1787125129174039688	54034431
1787125129256805807	53968895
1787125129379761436	64258047
1787125129545105867	64389119
1787125129626239029	57933823
1787125129728550155	64454655
1787125129809484199	64487423
1787125129910598952	64487423
1787125130011779671	64585727
1787125130114566318	51183615
1787125130195519749	58097663
1787125130299329491	57901055
1787125130380575199	54296575
1787125130483537125	51249151
1787125130586135566	54460415
1787125130687308455	52756479
1787125130769522913	71303167
1787125130850452729	51085311
1787125130934532854	71303167
1787125131057734222	71041023
1787125131158935817	58163199
1787125131239937919	57376767
1787125131341170923	63864831
1787125131422154625	52920319
1787125131565966406	52789247
1787125131687437316	50429951
1787125131789082465	52166655
1787125131871113374	57212927
1787125131993952025	57180159
1787125132075918828	55410687
1787125132177240457	63832063
1787125132279945632	63930367
1787125132360902771	57180159
1787125132463430910	63963135
1787125132565629694	47808511
1787125132668757724	52690943
1787125132731046830	63864831
1787125132853526692	51150847
1787125132957760469	55705599
1787125133060982895	55640063
1787125133142514900	57540607
1787125133250694458	64126975
1787125133512945108	71761919
1787125133634349957	47874047
1787125133716728331	71892991
1787125133824040791	51019775
1787125133926947587	53346303
1787125134028051990	63799295
1787125134108991264	57868287
1787125134190752959	55803903
1787125134314989628	58032127
1787125134413067324	58064895
1787125134581545640	55705599
1787125134684953767	58228735
1787125134791515023	53772287
1787125134873455214	64585727
1787125134956940945	50855935
1787125135059992979	58294271
1787125135143646037	54034431
1787125135268091053	64782335
1787125135373266947	54231039
1787125135480535951	58392575
1787125135565546036	64946175
1787125135666991509	58556415
1787125135771542958	56229887
1787125135837586948	64913407
1787125135943128356	54460415
1787125136049542174	65011711
1787125136135568005	64913407
1787125136237078698	54263807
1787125136342742108	51707903
1787125136427701408	56655871
1787125136570672669	72876031
1787125136674155832	54657023
1787125136778130181	56950783
1787125136862232566	54689791
1787125136945210334	57049087
1787125137049577788	51871743
1787125137150931929	64782335
1787125137254083029	59080703
1787125137356756869	59211775
1787125137460947468	56819711
1787125137562261028	59146239
1787125137644983800	56819711
1787125137767740866	56885247
1787125137854022145	65372159
1787125137976946538	59408383
1787125138059569814	47710207
1787125138144429206	65503231
1787125138226416857	65634303
1787125138330936190	59179007
1787125138391665109	59047935
1787125138515211185	65798143
1787125138619993488	58654719
1787125138722313358	65765375
1787125138783172550	55443455
1787125138898154053	65929215
1787125139181879553	73531391
1787125139303467827	58523647
1787125139364498595	66191359
1787125139465651444	56328191
1787125139546666074	66355199
1787125139669679441	66355199
1787125139710177327	55869439
1787125139811402039	55934975
1787125139892615321	73859071
1787125139995536669	66453503
1787125140096942249	55705599
1787125140158313987	73531391
1787125140280234816	55771135
1787125140343773090	58785791
1787125140446227769	56393727
1787125140549250103	58916863
1787125140650969643	55345151
1787125140753978929	66748415
1787125140855864141	66453503
1787125140916528554	56360959
1787125141041697193	66387967
1787125141163634355	52035583
1787125141247203574	57999359
1787125141408938852	66486271
1787125141513200867	66519039
1787125141675765885	73990143
1787125141779022901	52559871
1787125141839767422	57638911
1787125141944101564	55377919
1787125142035531553	57769983
1787125142139940032	57671679
1787125142242919206	56721407
1787125142305116970	57835519
1787125142429969185	66158591
1787125142514563512	66191359
1787125142597656885	65798143
1787125142698727684	55836671
1787125142811548322	58163199
1787125142901983917	56623103
1787125143009548216	66093055
1787125143095698252	73793535
1787125143218997659	66224127
1787125143322778434	58458111
1787125143404536820	55574527
1787125143510940244	66322431
1787125143594916399	66355199
1787125143702146038	66256895
1787125143783928379	57081855
1787125143872534258	66387967
1787125143977484817	58654719
1787125144102799405	55377919
1787125144168951287	57343999
1787125144253181884	66682879
1787125144360937025	58327039
1787125144533574706	66813951
1787125144781268388	58425343
1787125144862149919	58490879
1787125144943093205	67174399
1787125145045223442	58490879
1787125145126721313	58556415
1787125145248499864	67239935
1787125145333624357	55934975
1787125145435703856	67174399
1787125145577524742	58753023
1787125145659143942	67239935
1787125145742191336	52035583
1787125145866737846	59015167
1787125145947945617	57671679
1787125146050087331	52035583
1787125146112500850	67633151
1787125146215425519	57540607
1787125146298680374	59146239
1787125146420693882	67502079
1787125146504169521	57573375
1787125146626974805	67567615
1787125146709908933	58687487
1787125146831545632	57704447
1787125146912597353	67764223
1787125147015866081	58818559
1787125147097010409	58753023
1787125147219770500	73531391
1787125147321022007	56852479
1787125147424857447	73334783
1787125147505803060	48791551
1787125147628060376	58261503
1787125147715942253	73334783
1787125147817978895	67764223
1787125147921522925	67829759
1787125148024408663	59342847
1787125148145989084	67698687
1787125148248777438	57442303
1787125148351843841	48988159
1787125148433054687	67960831
1787125148535650343	55214079
1787125148660057606	59342847
1787125148740977899	68026367
1787125148826541910	68026367
1787125148908828341	57212927
1787125149031547508	57278463
1787125149137991570	67960831
1787125149219504331	67895295
1787125149321138791	58032127
1787125149402119953	58687487
1787125149505228851	73400319
1787125149589724307	55279615
1787125149675821189	67829759
1787125149817400587	57442303
1787125149903551037	57343999
1787125150007468793	67895295
1787125150092552633	67960831
1787125150363916210	58163199
1787125150489534710	57704447
1787125150572570217	58130431
1787125150633777699	55410687
1787125150743789951	59179007
1787125150848524526	67960831
1787125150955550023	58163199
1787125151039058404	59211775
1787125151141785321	68222975
1787125151251188598	57966591
1787125151353546919	58392575
1787125151439526397	45744127
1787125151541149941	59506687
1787125151611545608	68550655
1787125151714751022	49774591
1787125151817650879	55705599
1787125151898535272	48922623
1787125152000696215	59899903
1787125152101921998	50003967
1787125152183740943	58621951
1787125152264790800	59047935
1787125152365934038	58720255
1787125152448552914	60129279
1787125152549935908	46366719
1787125152631347831	69337087
1787125152735169036	58982399
1787125152816122242	53936127
1787125152917660748	69533695
1787125153020397394	60456959
1787125153121518592	59211775
1787125153226542545	60686335
1787125153327677774	58687487
1787125153408970300	58327039
1787125153510130231	60358655
1787125153591673261	55541759
1787125153697737615	69926911
1787125153803646584	59604991
1787125153908747123	58228735
1787125153990178084	59408383
1787125154094179984	69468159
1787125154175087094	74842111
1787125154296383838	59342847
1787125154398091943	56066047
1787125154483776207	69795839
1787125154606556120	69926911
1787125154689551200	59506687
1787125154812184729	60194815
1787125154914713079	60325887
1787125155019106679	58556415
1787125155100865739	58654719
1787125155203960909	60522495
1787125155306504510	53837823
1787125155390558625	70123519
1787125155472607212	56426495
1787125155596005602	59768831
1787125155677002513	59670527
1787125155779174381	60653567
1787125155882492048	53641215
1787125155986530324	56688639
1787125156072529343	70713343
1787125156173791599	59834367
1787125156297545123	70778879
1787125156381713799	59998207
1787125156485516508	56066047
1787125156590728040	55934975
1787125156675577398	70909951
1787125156801556784	55803903
1787125156909543178	51118079
1787125157017286594	60620799
1787125157101761768	59768831
1787125157205533684	71303167
1787125157318304411	54263807
1787125157414847840	62062591
1787125157503736541	51314687
1787125157610533121	60850175
1787125157716542523	59965439
1787125157838131422	61014015
1787125157942564297	56459263
1787125158024527807	60063743
1787125158118546003	56524799
1787125158205563423	71565311
1787125158307732403	62717951
1787125158414564549	77070335
1787125158518731533	77135871
1787125158623862906	55083007
1787125158706311274	62619647
1787125158811291476	62324735
1787125158897533003	62160895
1787125159012978211	61767679
1787125159101977627	60489727
1787125159206213802	61636607
1787125159297247299	60424191
1787125159404540124	52363263
1787125159491975664	61833215
1787125159600597514	52330495
1787125159704549836	61800447
1787125159787145938	57278463
1787125159900528851	49676287
1787125159992528385	62095359
1787125160110635469	61079551
1787125160216027454	55574527
1787125160298111286	62193663
1787125160402482712	62390271
1787125160506104490	62128127
1787125160611314238	73596927
1787125160700489161	57638911
1787125160783860051	73727999
1787125160900596240	77529087
1787125160971452722	62619647
1787125161056011480	57704447
1787125161162842059	73727999
1787125161268548240	61603839
1787125161353532087	57540607
1787125161457529382	73859071
1787125161539833816	73727999
1787125161642733092	62128127
1787125161726727033	73334783
1787125161828649129	61865983
1787125161909917477	73400319
1787125161993962585	53051391
1787125162077550348	73334783
1787125162169750995	73400319
1787125162255534969	62521343
1787125162337499388	78577663
1787125162441726190	78577663
1787125162522644680	78643199
1787125162644667204	78381055
1787125162729195850	77922303
1787125162832725062	72810495
1787125162913793593	62095359
1787125162994701999	61243391
1787125163118441718	78249983
1787125163201270193	62160895
1787125163322834054	61603839
1787125163444183225	73072639
1787125163546833833	72876031
1787125163648781239	61898751
1787125163750986976	61997055
1787125163853112724	61505535
1787125163954978264	73203711
1787125164060738400	61964287
1787125164164931016	61865983
1787125164268548185	62488575
1787125164353525705	73400319
1787125164481124061	62128127
1787125164562560273	57081855
1787125164664802786	56786943
1787125164767525409	61833215
1787125164869337473	62029823
1787125164972533043	63078399
1787125165075765255	57311231
1787125165158183095	57311231
1787125165280400786	63242239
1787125165364988267	57376767
1787125165453330999	63307775
1787125165602577968	62586879
1787125165687223482	62554111
1787125165791322192	57606143
1787125165896177401	80084991
1787125165979214822	62423039
1787125166080316210	73793535
1787125166164632568	57966591
1787125166267946748	73793535
1787125166381606359	62521343
1787125166487976984	73924607
1787125166598245138	62619647
1787125166685537211	58359807
1787125166790184938	58294271
1787125166895562265	62750719
1787125166979125962	62750719
1787125167142032240	62947327
1787125167204955298	62849023
1787125167292540511	58294271
1787125167396532072	62980095
1787125167479135485	58359807
1787125167586738304	74776575
1787125167692737728	64585727
1787125167758530402	79691775
1787125167845572549	79691775
1787125167953537807	74776575
1787125168039159022	62914559
1787125168124554889	64126975
1787125168233330900	58884095
1787125168340141997	63078399
1787125168412738211	63799295
1787125168519531402	74907647
1787125168627549534	63700991
1787125168710858360	57376767
1787125168818751421	57049087
1787125168926523352	64618495
1787125169052703289	63930367
1787125169166703978	75497471
1787125169271009059	56492031
1787125169372144418	75366399
1787125169456526301	58556415
1787125169564603668	64061439
1787125169669471536	75628543
1787125169757532093	52723711
1787125169838488826	56197119
1787125169944136738	64421887
1787125170048516459	64552959
1787125170132545682	58523647
1787125170234057327	76021759
1787125170336589919	65437695
1787125170437754386	80543743
1787125170544996694	64651263
1787125170629980826	80281599
1787125170712711379	80216063
1787125170803267747	80281599
1787125170928514611	80347135
1787125171012713932	76283903
1787125171115412382	54788095
1787125171218586923	64815103
1787125171299533163	64913407
1787125171401953071	65077247
1787125171549280706	76611583
1787125171613541592	65044479
1787125171719744470	65011711
1787125171803857355	58556415
1787125171917557742	76742655
1787125172023523886	64651263
1787125172124915489	64716799
1787125172228474033	64913407
1787125172313526766	55083007
1787125172397524602	66125823
1787125172520543587	77135871
1787125172621695204	53477375
1787125172703474496	77135871
1787125172805399096	58916863
1787125172887348994	65175551
1787125172989656626	65011711
1787125173092018164	77398015
1787125173194881368	66387967
1787125173298082151	56328191
1787125173401545636	77463551
1787125173503742837	59113471
1787125173585058764	66093055
1787125173688024029	65568767
1787125173789814159	58916863
1787125173873862946	65437695
1787125173995191364	77922303
1787125174098749172	66486271
1787125174199886947	65634303
1787125174301954521	80478207
1787125174384224501	78053375
1787125174522533685	66584575
1787125174586530060	55214079
1787125174670947826	66748415
1787125174776544703	78381055
1787125174861605698	59342847
1787125174969584636	66912255
1787125175054192682	78643199
1787125175159459346	65601535
1787125175241540164	78774271
1787125175343316538	65667071
1787125175457540946	78839807
1787125175539794354	59375615
1787125175649528061	65961983
1787125175713543175	67108863
1787125175817053655	48201727
1787125175898434747	66158591
1787125176005727463	67174399
1787125176110669383	79101951
1787125176236537341	59670527
1787125176304098243	67502079
1787125176410098685	79101951
1787125176494742978	67567615
1787125176604588509	78905343
1787125176689534904	67502079
1787125176775542591	50364415
1787125176882542587	67633151
1787125176990930769	79233023
1787125177071873832	65667071
1787125177173994446	67960831
1787125177256282472	79364095
1787125177358156668	59736063
1787125177464028666	59703295
1787125177548128588	66813951
1787125177632540668	65765375
1787125177738563278	56033279
1787125177840688928	79691775
1787125177927522721	65961983
1787125178033543880	68550655
1787125178121785099	67174399
1787125178226309535	58523647
1787125178330526371	67305471
1787125178416971307	81854463
1787125178506569748	59801599
1787125178615666165	67502079
1787125178699539416	80347135
1787125178804597443	67502079
1787125178888737846	68943871
1787125178999052054	56098815
1787125179103180117	67698687
1787125179204439414	80412671
1787125179310562734	59604991
1787125179392400607	69206015
1787125179499691638	59211775
1787125179606078842	80478207
1787125179690455313	59047935
1787125179795931819	66191359
1787125179898659704	69402623
1787125179981865200	59342847
1787125180083060011	66224127
1787125180189434456	80478207
1787125180293503337	65863679
1787125180377276582	80543743
1787125180479800829	65667071
1787125180564665138	70057983
1787125180667777760	80609279
1787125180769142050	70254591
1787125180870543598	59572223
1787125180972107071	58851327
1787125181073480047	68812799
1787125181174555841	65667071
1787125181256792769	58884095
1787125181361011516	68878335
1787125181463388508	57769983
1787125181584736822	69795839
1787125181667112643	66093055
1787125181769126855	81002495
1787125181872404308	59670527
1787125181974575803	66191359
1787125182055548790	59834367
1787125182177516327	69206015
1787125182282656265	70254591
1787125182364796803	70254591
1787125182468755760	81264639
1787125182572452492	69074943
1787125182653443218	66387967
1787125182757805992	81330175
1787125182838739733	66224127
1787125182922557798	70647807
1787125183027853719	81199103
1787125183130539566	83361791
1787125183233710855	80871423
1787125183318712817	70844415
1787125183442733210	70713343
1787125183528635913	83623935
1787125183631055964	70713343
1787125183757830979	68550655
1787125183863175293	83820543
1787125183945732321	70975487
1787125184033304589	81199103
1787125184140298971	65863679
1787125184246533057	71041023
1787125184336669789	81461247
1787125184439529567	59244543
1787125184545354624	81526783
1787125184630602453	70778879
1787125184738791561	59277311
1787125184840035853	68812799
1787125184949528047	81854463
1787125185031750545	66125823
1787125185136014306	69074943
1787125185216971486	58818559
1787125185319718027	58753023
1787125185423543715	55279615
1787125185484997189	69074943
1787125185586529691	58982399
1787125185707880336	82051071
1787125185790118113	71368703
1787125185912999667	69140479
1787125186003487039	71499775
1787125186093897682	59146239
1787125186196540931	84869119
1787125186302973526	82509823
1787125186409745640	84934655
1787125186516065266	71499775
1787125186620094389	71630847
1787125186723556817	58327039
1787125186828843521	71565311
1787125186910794353	67010559
1787125187013703039	69664767
1787125187097151298	69664767
1787125187200081887	85393407
1787125187304725305	67371007
1787125187385886637	82903039
1787125187510528990	58064895
1787125187592964625	58130431
1787125187694226569	69992447
1787125187797584515	71761919
1787125187880435118	58261503
1787125187984567750	50266111
1787125188088576420	71958527
1787125188171758623	70254591
1787125188275558847	67960831
1787125188377746672	68091903
1787125188478892158	83623935
1787125188562234633	70254591
1787125188643193809	72548351
1787125188745758536	70451199
1787125188869559692	70320127
1787125188950529275	68419583
1787125189035553600	72679423
1787125189141410813	83427327
1787125189245581108	68550655
1787125189349565715	70713343
1787125189413960214	72810495
1787125189536538782	51150847
1787125189622531647	58851327
1787125189708439128	83492863
1787125189812490105	58818559
1787125189896390965	73007103
1787125189997594460	69140479
1787125190101521263	70975487
1787125190182448313	59113471
1787125190267197966	69206015
1787125190368446921	73138175
1787125190474126001	56950783
1787125190558903033	59375615
1787125190647553749	73400319
1787125190733529630	70844415
1787125190817190861	70647807
1787125190918537301	56426495
1787125190981937042	83623935
1787125191106240606	69795839
1787125191190126149	70778879
1787125191313580221	73465855
1787125191398410813	73531391
1787125191512546754	83361791
1787125191621619090	69795839
1787125191727023744	73727999
1787125191829849672	73727999
1787125191911947654	82706431
1787125191997613964	82706431
1787125192100181574	72941567
1787125192206528148	70189055
1787125192294532789	82706431
1787125192397731000	71041023
1787125192501213241	73269247
1787125192591630649	59310079
1787125192700591045	82771967
1787125192810786876	70844415
1787125192915536941	73007103
1787125193023127037	58687487
1787125193108521540	82968575
1787125193194005627	70647807
1787125193295148743	87490559
1787125193400541345	59768831
1787125193505642927	73400319
1787125193596756292	71041023
1787125193697962366	71041023
1787125193780093246	59801599
1787125193901991673	59899903
1787125194020555624	73727999
1787125194126042489	73859071
1787125194232565481	60162047
1787125194318481601	71041023
1787125194429409152	74055679
1787125194530717849	59047935
1787125194611658960	74252287
1787125194714542567	83755007
1787125194799545180	73793535
1787125194906229687	59277311
1787125194989553424	71368703
1787125195095726769	74055679
1787125195177105645	59932671
1787125195301781951	73793535
1787125195409848956	71630847
1787125195492867484	72089599
1787125195595949183	74055679
1787125195699743771	71499775
1787125195828305729	59342847
1787125195912745466	72417279
1787125195994938935	59310079
1787125196079414106	59867135
1787125196204740951	72417279
1787125196285731052	70909951
1787125196392419846	74514431
1787125196475332825	71106559
1787125196578219335	72679423
1787125196683330177	72744959
1787125196788002068	84672511
1787125196870060250	60162047
1787125196972468746	72548351
1787125197074946407	74514431
1787125197176442770	84934655
1787125197280029139	72548351
1787125197381938771	60030975
1787125197485000342	74579967
1787125197586265995	85000191
1787125197687761231	60293119
1787125197788962595	58884095
1787125197849711091	71499775
1787125197973027767	72417279
1787125198075548041	59015167
1787125198177528082	71761919
1787125198261954255	72482815
1787125198343029789	60784639
1787125198424565045	85524479
1787125198525848024	72286207
1787125198627758434	85590015
1787125198730514409	60817407
1787125198818743308	75235327
1787125198901523082	72351743
1787125199005201271	75431935
1787125199108346408	85917695
1787125199189853913	75497471
1787125199291720023	75497471
1787125199373687621	91881471
1787125199496578695	85983231
1787125199599427724	85983231
1787125199682757491	72941567
1787125199763720370	58916863
1787125199869539889	86179839
1787125199931550671	71565311
1787125200032719788	75431935
1787125200113941711	75235327
1787125200237183891	73334783
1787125200318545361	71565311
1787125200402157799	73596927
1787125200525542402	85917695
1787125200613454221	73334783
1787125200694480724	73334783
1787125200780526979	72941567
1787125200886533877	72810495
1787125200973607340	86114303
1787125201059596392	58490879
1787125201163332498	75825151
1787125201250012167	86245375
1787125201335042735	62029823
1787125201439538618	92340223
1787125201541842361	92340223
1787125201649710494	61079551
1787125201762560184	92274687
1787125201825792202	86769663
1787125201929755377	92078079
1787125202016555012	91619327
1787125202098758211	86966271
1787125202187975131	76480511
1787125202273546868	73007103
1787125202358564640	86966271
1787125202463561610	86900735
1787125202566617103	86966271
1787125202673758374	86900735
1787125202757552137	76283903
1787125202861764107	86966271
1787125202967532617	62390271
1787125203070915546	73531391
1787125203156536969	76611583
1787125203263589031	73727999
1787125203350526914	73269247
1787125203435184791	76611583
1787125203518581862	73269247
1787125203624754200	76742655
1787125203727534138	87359487
1787125203853547415	73400319
1787125203936725412	73334783
1787125204039512006	92012543
1787125204142190281	71761919
1787125204226118862	71827455
1787125204315006373	60915711
1787125204397748469	87752703
1787125204501354291	72024063
1787125204584837692	77201407
1787125204668538014	71892991
1787125204772565058	87883775
1787125204876427852	63209471
1787125204962501704	77398015
1787125205045562863	88014847
1787125205168938628	61308927
1787125205271551491	73793535
1787125205375382410	60751871
1787125205477969088	73990143
1787125205580734295	91750399
1787125205662415919	91815935
1787125205765828354	88276991
1787125205868797590	73793535
1787125205950547014	77922303
1787125206052988057	72286207
1787125206155548800	88408063
1787125206237748264	78184447
1787125206340200949	73727999
1787125206423728327	71892991
1787125206545186789	88670207
1787125206649172140	88801279
1787125206750760336	78315519
1787125206852462202	91619327
1787125206954700838	91619327
1787125207056156930	89063423
1787125207137158429	72351743
1787125207241078037	73531391
1787125207322736041	73531391
1787125207404245673	91947007
1787125207507807086	88932351
1787125207588744065	88997887
1787125207711444777	88997887
1787125207794348269	89063423
1787125207897539705	72548351
1787125208021028840	88997887
1787125208126538876	63012863
1787125208227871702	89128959
1787125208331783710	73727999
1787125208433969904	88866815
1787125208537773549	73596927
1787125208640950996	73596927
1787125208743942700	79429631
1787125208826074205	79429631
1787125208929583419	89194495
1787125209030796023	63668223
1787125209114762323	63668223
1787125209225791845	89391103
1787125209311544616	73859071
1787125209417413554	73793535
1787125209502876590	78970879
1787125209608143530	61505535
1787125209711534481	89456639
1787125209796732944	73793535
1787125209900729161	79298559
1787125210007574522	73859071
1787125210091946151	79167487
1787125210195806752	79364095
1787125210297085814	73924607
1787125210380005859	73990143
1787125210464533486	89849855
1787125210571563308	58359807
1787125210655016685	74055679
1787125210759536983	92405759
1787125210863746868	74055679
1787125210975392102	79626239
1787125211089785276	73793535
1787125211198439037	79757311
1787125211283753818	74317823
1787125211368192938	79822847
1787125211472568005	64323583
1787125211576946815	89718783
1787125211688555909	62291967
1787125211796354594	80019455
1787125211902127797	61964287
1787125212005559584	89915391
1787125212087881039	73793535
1787125212191552976	80150527
1787125212293733606	73990143
1787125212397575460	89980927
1787125212503539359	89784319
1787125212606524422	80216063
1787125212714564294	89915391
1787125212801686718	74186751
1787125212909721154	58589183
1787125212994556062	80150527
1787125213077785809	75169791
1787125213179463264	80281599
1787125213262913753	63995903
1787125213347543857	75300863
1787125213450630364	89915391
1787125213535523408	80412671
1787125213640551322	89849855
1787125213748604217	89653247
1787125213856539143	64192511
1787125213940955941	75038719
1787125214042163964	56164351
1787125214144948515	80740351
1787125214253382010	75431935
1787125214356690665	63143935
1787125214457853981	75366399
1787125214539234157	90046463
1787125214664654691	80609279
1787125214747729050	94437375
1787125214850604523	90177535
1787125214954012465	80740351
1787125215056336838	89980927
1787125215158580693	90111999
1787125215281920631	75628543
1787125215385515335	89980927
1787125215489744142	89915391
1787125215591551250	89915391
1787125215673187779	63700991
1787125215777539020	89980927
1787125215880107629	90111999
1787125215982403003	80740351
1787125216063322450	75825151
1787125216167140312	76021759
1787125216249220272	55902207
1787125216350993780	64225279
1787125216436085074	90636287
1787125216537548874	75366399
1787125216639027782	64421887
1787125216741417675	75563007
1787125216823959406	80936959
1787125216925757958	56360959
1787125217027489912	76152831
1787125217109190708	61636607
1787125217193275022	81264639
1787125217296259439	61571071
1787125217380524390	91226111
1787125217485182949	64520191
1787125217584526517	81592319
1787125217701446986	91357183
1787125217783874101	76283903
1787125217901525146	81788927
1787125217984928552	81657855
1787125218074527942	81657855
1787125218173315737	91684863
1787125218279517854	75890687
1787125218390539564	64684031
1787125218498587102	81919999
1787125218562237026	76218367
1787125218652748308	91815935
1787125218759595240	75300863
1787125218844529184	76414975
1787125218934551216	82247679
1787125219018765421	65044479
1787125219105590691	92078079
1787125219186659561	75431935
1787125219292608692	92143615
1787125219373535399	75300863
1787125219483737954	92340223
1787125219591706258	65110015
1787125219676322356	97517567
1787125219777510518	74842111
1787125219882532042	82444287
1787125219990550650	74711039
1787125220099569465	92602367
1787125220203813535	82575359
1787125220308454057	92602367
1787125220394566371	97452031
1787125220497506131	82444287
1787125220581766627	92667903
1787125220683420792	75366399
1787125220766545506	65110015
1787125220870534412	76611583
1787125220952820707	74776575
1787125221035534620	92864511
1787125221159399820	74645503
1787125221264737873	76742655
1787125221368191190	74579967
1787125221449222813	74579967
1787125221551534241	83099647
1787125221653936208	76611583
1787125221757307479	93257727
1787125221879930646	65961983
1787125221983741664	74448895
1787125222066186547	93388799
1787125222169482427	74579967
1787125222273735250	98500607
1787125222374884174	98435071
1787125222456938412	98107391
1787125222560531844	74711039
1787125222642737448	97910783
1787125222745944984	83951615
1787125222826897576	93716479
1787125222949997721	66551807
1787125223031789097	97452031
1787125223135768678	97386495
1787125223243533300	97386495
1787125223324739258	84213759
1787125223425904971	66846719
1787125223529415077	93519871
1787125223632458679	83886079
1787125223713799387	93519871
1787125223816747867	93388799
1787125223920537884	61014015
1787125224003503927	93519871
1787125224105763899	83361791
1787125224207214006	93585407
1787125224290962618	93716479
1787125224393117190	65044479
1787125224474945634	83558399
1787125224576675620	83492863
1787125224679753233	83492863
1787125224781200308	83558399
1787125224882349981	93913087
1787125224984663095	83427327
1787125225066968259	93913087
1787125225168124367	93978623
1787125225273974589	94044159
1787125225356256375	82903039
1787125225480460073	77987839
1787125225562178192	82968575
1787125225665562927	94109695
1787125225750550314	67502079
1787125225874642629	83230719
1787125225980453284	97452031
1787125226085554217	94306303
1787125226189727598	94371839
1787125226273994585	77266943
1787125226422705786	78184447
1787125226486544732	83165183
1787125226570793417	82903039
1787125226656556941	78053375
1787125226740548548	97583103
1787125226850554617	77070335
1787125226953743357	82968575
1787125227062212309	78053375
1787125227167547676	82968575
1787125227271533864	78184447
1787125227377558868	78249983
1787125227484497622	95027199
1787125227567612790	76939263
1787125227675952376	97845247
1787125227761545143	95027199
1787125227888537482	83296255
1787125227975649875	95027199
1787125228082526722	77725695
1787125228186396022	95223807
1787125228272553975	76939263
1787125228379552260	83623935
1787125228480742948	95289343
1787125228584154068	66781183
1787125228689166910	83755007
1787125228813545250	77660159
1787125228897817574	83951615
1787125229004538926	77398015
1787125229085497269	84082687
1787125229191738771	98172927
1787125229293715780	97910783
1787125229376516751	67174399
1787125229480439123	77922303
1787125229585537426	95485951
1787125229689205334	77922303
1787125229813552893	95617023
1787125229895529782	66977791
1787125229999729054	95354879
1787125230102541930	95223807
1787125230185135040	95027199
1787125230287742469	94896127
1787125230372145634	83820543
1787125230473336938	98566143
1787125230576045658	78118911
1787125230677170248	94961663
1787125230759133230	83820543
1787125230861942793	94765055
1787125230945544889	65961983
1787125231046765819	83951615
1787125231127734465	84017151
1787125231232057683	94765055
1787125231314942818	94830591
1787125231416878428	94437375
1787125231520949620	94240767
1787125231623961782	94306303
1787125231735275778	94175231
1787125231796696498	83099647
1787125231899573791	93847551
1787125231980510475	93126655
1787125232062379304	92930047
1787125232163445141	82903039
1787125232245842369	82771967
1787125232347727168	92995583
1787125232429715290	82968575
1787125232531923080	82968575
1787125232635092613	83034111
1787125232715988056	82903039
1787125232817873665	78249983
1787125232921623998	77725695
1787125233026525896	83099647
1787125233109215515	78118911
1787125233210674161	83165183
1787125233313906114	77791231
1787125233394885724	77660159
1787125233497514647	77791231
1787125233618764578	93323263
1787125233700084125	92995583
1787125233802554123	82968575
1787125233884521352	82968575
1787125233987524983	92864511
1787125234070411311	77332479
1787125234173106449	77987839
1787125234279945241	83099647
1787125234387526879	67895295
1787125234468770666	82837503
1787125234576069940	76611583
1787125234662530675	66682879
1787125234764714869	78381055
1787125234873567502	83034111
1787125234955728386	78118911
1787125235061135159	68026367
1787125235166508803	83165183
1787125235267590085	59604991
1787125235354514093	77791231
1787125235439996350	77004799
1787125235525872864	77922303
1787125235611579182	83427327
1787125235716987542	100335615
1787125235838405605	100270079
1787125235921758499	93716479
1787125236023174142	83361791
1787125236107528925	93716479
1787125236212492485	93782015
1787125236293478792	78315519
1787125236394617196	83296255
1787125236475999510	76152831
1787125236578208282	83492863
1787125236682716058	76218367
1787125236765960113	93323263
1787125236870545942	83623935
1787125236975532522	78905343
1787125237056494732	76087295
1787125237140188766	93388799
1787125237243761684	78839807
1787125237345722954	76021759
1787125237450547754	78905343
1787125237514535631	93782015
1787125237617681165	78839807
1787125237719083220	84344831
1787125237801189209	79036415
1787125237903540511	84410367
1787125238005503986	79101951
1787125238087963674	68026367
1787125238170761174	59179007
1787125238274845884	93913087
1787125238356530049	76349439
1787125238459689062	93716479
1787125238561444123	93847551
1787125238682870899	79560703
1787125238767549910	93978623
1787125238870803919	79626239
1787125238973517397	93913087
1787125239076532731	93978623
1787125239178583169	101056511
1787125239282801258	100925439
1787125239385735869	93913087
1787125239468690179	93913087
1787125239569952387	84869119
1787125239674601669	77135871
1787125239776162710	93847551
1787125239878565769	67371007
1787125239961027072	93978623
1787125240042317580	67371007
1787125240145747302	77463551
1787125240227526895	85196799
1787125240309542904	84738047
1787125240413533370	79822847
1787125240516760733	79757311
1787125240598168024	79822847
1787125240680269377	77856767
1787125240781439941	77922303
1787125240883768904	79822847
1787125240965532327	94437375
1787125241048392766	79888383
1787125241129531265	85196799
1787125241211811469	85196799
1787125241315534966	85065727
1787125241396741369	94633983
1787125241499724403	79233023
1787125241602383706	85262335
1787125241683292182	94568447
1787125241764643496	67960831
1787125241846559107	78381055
1787125241968939194	79233023
1787125242076009672	85524479
1787125242163209070	78643199
1787125242269565929	94896127
1787125242371497697	94896127
1787125242457541024	79429631
1787125242542277266	85852159
1787125242626726292	95027199
1787125242739974134	85131263
1787125242843453387	94175231
1787125242947740146	84738047
1787125243036549108	84803583
1787125243128502503	94306303
1787125243215754800	84869119
1787125243343739638	85000191
1787125243429138986	94306303
1787125243534537280	85065727
1787125243638751485	94306303
1787125243734169884	85000191
1787125243839827039	85065727
1787125243944130136	94306303
1787125244067076446	67895295
1787125244154547537	78905343
1787125244264611405	79495167
1787125244368980485	94240767
1787125244477020636	94175231
1787125244562988436	102563839
1787125244646555348	93978623
1787125244750528496	85393407
1787125244833925728	93978623
1787125244939536084	85065727
1787125245042425984	68419583
1787125245145888413	85131263
1787125245248385522	85196799
1787125245352711019	79560703
1787125245437162223	85131263
1787125245498737216	79560703
1787125245600530617	84869119
1787125245702144254	94175231
1787125245805606109	84869119
1787125245887760367	94109695
1787125245989467180	84541439
1787125246071973306	84475903
1787125246174408585	68354047
1787125246275756817	94306303
1787125246356767200	80281599
1787125246458526039	84672511
1787125246541317068	84738047
1787125246643799908	84869119
1787125246725134491	79691775
1787125246807178553	84934655
1787125246889805849	79495167
1787125246970724367	68222975
1787125247071915094	94633983
1787125247174406256	85131263
1787125247256182019	94633983
1787125247338464025	84738047
1787125247441169437	94568447
1787125247522125267	81002495
1787125247605813717	81002495
1787125247711278214	94765055
1787125247815224540	84672511
1787125247920983104	94830591
1787125248023238154	94699519
1787125248105835211	79429631
1787125248207021233	84606975
1787125248309343425	94699519
1787125248391743529	94633983
1787125248476020759	84606975
1787125248559783066	78970879
1787125248661832191	104398847
1787125248763018257	84672511
1787125248864870306	104136703
1787125248968430154	104005631
1787125249072522782	81068031
1787125249175122442	94568447
1787125249256951496	67076095
1787125249358673468	81133567
1787125249441007573	80936959
1787125249542695679	80740351
1787125249645670663	80805887
1787125249727751759	94961663
1787125249833531379	84738047
1787125249936572852	80216063
1787125250017537908	95092735
1787125250122516894	69074943
1787125250224687085	95027199
1787125250307737289	66781183
1787125250389547674	80281599
1787125250495559146	94633983
1787125250584548933	94633983
1787125250711565160	84738047
1787125250814760599	94306303
1787125250905539127	94109695
1787125251011298322	84803583
1787125251097272769	69795839
1787125251222562928	94109695
1787125251305523494	69926911
1787125251411813896	67010559
1787125251519541825	94175231
1787125251611526635	80019455
1787125251696525564	67010559
1787125251781530457	79953919
1787125251887554383	85262335
1787125251992528414	59211775
1787125252074543585	94175231
1787125252160602855	69992447
1787125252265562491	94175231
1787125252349555269	66715647
1787125252433695296	80412671
1787125252536961694	80347135
1787125252622274808	70385663
1787125252738314158	85065727
1787125252835776566	94306303
1787125252945316927	84672511
1787125253031033635	106037247
1787125253133420322	93847551
1787125253217126260	84934655
1787125253307022888	93847551
1787125253399181077	80412671
1787125253507546069	80347135
1787125253591507592	94109695
1787125253676911898	80609279
1787125253782955039	80609279
1787125253866765156	85000191
1787125253952538772	71041023
1787125254054590793	94437375
1787125254136525787	80805887
1787125254259000215	94568447
1787125254361945164	94633983
1787125254464520923	71368703
1787125254568527535	94699519
1787125254673730208	85196799
1787125254761967241	84934655
1787125254866883188	80412671
1787125254950194451	79298559
1787125255036785613	57409535
1787125255138041477	94502911
1787125255218979212	84803583
1787125255325519177	94633983
1787125255428549882	94437375
1787125255530527494	66715647
1787125255613523591	85065727
1787125255715152728	57638911
1787125255801283580	79233023
1787125255907525586	81264639
1787125255992211648	85131263
1787125256094744635	81330175
1787125256201270063	85327871
1787125256284729122	80871423
1787125256385880037	94633983
1787125256467784992	79101951
1787125256584540695	94765055
1787125256688542486	85262335
1787125256774352831	94896127
1787125256868136015	80674815
1787125256929955395	94830591
1787125257014900103	85524479
1787125257117400901	80740351
1787125257199194973	85655551
1787125257301486833	85786623
1787125257428487751	71499775
1787125257495093368	85983231
1787125257597407578	71434239
1787125257703528006	80936959
1787125257807251570	86179839
1787125257889545669	80281599
1787125257995616104	86179839
1787125258076700130	66551807
1787125258198344079	107806719
1787125258301168921	78905343
1787125258388179404	95879167
1787125258489539130	66682879
1787125258576513781	86704127
1787125258657589957	80740351
1787125258759962534	96141311
1787125258863536375	86769663
1787125258950970554	86704127
1787125259036541867	86769663
1787125259139523388	81068031
1787125259223569100	86704127
1787125259330261725	80871423
1787125259417438614	80674815
1787125259551143165	96665599
1787125259654322843	80674815
1787125259735267843	96534527
1787125259839272291	65306623
1787125259912533000	79036415
1787125260017534760	86966271
1787125260104958271	65142783
1787125260207327736	80740351
1787125260310537189	87162879
1787125260415450939	80740351
1787125260539757445	70713343
1787125260644293698	96468991
1787125260727446648	96468991
1787125260828758727	86966271
1787125260913159696	96600063
1787125260994655281	70385663
1787125261077113394	96665599
1787125261182905425	87097343
1787125261266793239	96337919
1787125261329660176	70254591
1787125261435472197	81068031
1787125261542121032	87097343
1787125261609558715	63045631
1787125261714738542	96337919
1787125261821546671	107413503
1787125261913009941	87228415
1787125262015813948	107544575
1787125262118498563	87097343
1787125262219991943	107151359
1787125262304322732	96534527
1787125262385321155	80019455
1787125262469524020	87359487
1787125262572203660	96600063
1787125262674527914	87425023
1787125262756564250	96272383
1787125262881933882	96141311
1787125262984443023	96141311
1787125263086933606	87687167
1787125263171770770	87687167
1787125263275148836	87621631
1787125263378539600	87621631
1787125263459910550	70582271
1787125263564084520	96272383
1787125263668734483	70647807
1787125263771543839	96206847
1787125263873416043	106561535
1787125263978937605	96403455
1787125264081733647	87556095
1787125264185785573	105906175
1787125264266721449	87621631
1787125264368550373	105578495
1787125264450415740	105381887
1787125264555349891	105381887
1787125264658246034	96534527
1787125264760521419	88014847
1787125264861679283	70320127
1787125264944731705	96796671
1787125265046746932	80216063
1787125265147842937	88342527
1787125265271106835	88408063
1787125265352513780	70320127
1787125265454064297	88604671
1787125265555199111	88670207
1787125265636957095	96731135
1787125265720241534	88473599
1787125265821936849	96600063
1787125265924770752	80609279
1787125266007060829	88408063
1787125266110738879	96665599
1787125266213015040	87818239
1787125266314745424	96862207
1787125266396442960	80347135
1787125266477729063	62816255
1787125266578884292	80805887
1787125266680667075	97189887
1787125266763769190	55902207
1787125266865776402	88473599
1787125266948244975	88539135
1787125267031543274	97320959
1787125267112994674	80019455
1787125267220727643	96665599
1787125267313552933	96665599
1787125267417963160	80084991
1787125267502548207	70582271
1787125267585164813	80216063
1787125267692570652	96468991
1787125267779527218	88866815
1787125267842735494	88997887
1787125267942568055	70582271
1787125268049548353	106954751
1787125268134815885	88932351
1787125268243205381	96468991
1787125268351531502	80740351
1787125268437183663	96600063
1787125268541534358	89194495
1787125268626551959	96468991
1787125268708049311	80805887
1787125268818541567	96534527
1787125268904527276	81264639
1787125269005681156	96403455
1787125269111544713	96534527
1787125269217536748	88932351
1787125269300436772	95879167
1787125269403522717	89063423
1787125269487521381	81199103
1787125269569607748	89128959
1787125269652892651	69664767
1787125269758764769	107544575
1787125269843155644	81264639
1787125269924293361	89194495
1787125270027984985	96206847
1787125270111142679	55705599
1787125270219393756	81723391
1787125270321827079	95617023
1787125270426544289	81788927
1787125270510539705	95682559
1787125270592178108	81526783
1787125270715942526	89587711
1787125270799517969	95813631
1787125270901554837	89391103
1787125270983544759	95748095
1787125271085157603	89128959
1787125271167664516	80805887
1787125271270551780	95813631
1787125271352927236	80478207
1787125271436186845	95944703
1787125271518708298	89391103
1787125271620079189	95813631
1787125271701682027	80281599
1787125271803949559	95813631
1787125271885559948	95813631
1787125271987537194	88997887
1787125272091928533	95944703
1787125272194931075	88408063
1787125272277557435	96075775
1787125272380163346	96075775
1787125272462627635	96141311
1787125272546415827	108331007
1787125272628585475	96075775
1787125272752990391	96141311
1787125272833929063	96075775
1787125272914849964	87556095
1787125273016563134	95813631
1787125273118477860	80347135
1787125273223582500	87621631
1787125273307127670	80347135
1787125273408325267	87818239
1787125273490215828	66912255
1787125273574337603	80347135
1787125273675976323	96075775
1787125273779581438	95551487
1787125273862821743	82116607
1787125273984992745	88211455
1787125274088877922	80412671
1787125274169880192	88211455
1787125274274522151	79953919
1787125274355666101	88211455
1787125274459501458	82247679
1787125274541546289	95813631
1787125274622548288	108331007
1787125274726185225	95813631
1787125274809230673	82247679
1787125274914550208	95551487
1787125274998315782	95551487
1787125275099586273	95551487
1787125275182437415	82575359
1787125275305551271	95551487
1787125275393554241	82313215
1787125275500548917	95813631
1787125275584906662	88408063
1787125275671480244	88473599
1787125275779732858	95944703
1787125275862139211	82575359
1787125275926528009	95879167
1787125276051746104	82575359
1787125276136551493	96010239
1787125276217546100	79495167
1787125276300215728	96075775
1787125276410554342	95682559
1787125276517267065	95551487
1787125276600534148	95551487
1787125276691539456	88539135
1787125276795941796	88211455
1787125276884575517	95420415
1787125276992823754	83230719
1787125277077772914	95617023
1787125277159862476	95551487
1787125277261326838	88539135
1787125277342427581	108527615
1787125277445529170	79495167
1787125277549277151	83361791
1787125277634047378	95813631
1787125277736691111	88342527
1787125277858720122	88342527
1787125277961207614	95879167
1787125278049560428	88276991
1787125278132937029	95879167
1787125278254876282	88014847
1787125278335958801	83623935
1787125278416921024	88014847
1787125278497825432	88080383
1787125278602555115	88014847
1787125278683557712	83558399
1787125278765808767	83361791
1787125278869417862	87949311
1787125278950401492	88014847
1787125279031346195	95944703
1787125279112983127	95944703
1787125279194756254	88014847
1787125279299390735	95879167
1787125279422252669	95879167
1787125279503961537	95944703
1787125279607562158	87621631
1787125279711541062	87621631
1787125279795752678	87752703
1787125279896941662	63864831
1787125279978163507	83492863
1787125280081630822	95682559
1787125280162792903	88014847
1787125280264708269	108199935
1787125280368544275	83034111
1787125280450072978	95879167
1787125280532517239	88145919
1787125280633666537	80740351
1787125280714623320	95944703
1787125280795813421	88080383
1787125280879557021	95748095
1787125280982949726	83296255
1787125281085440269	88211455
1787125281166425552	95879167
1787125281267556658	108199935
1787125281350532788	108199935
1787125281452408238	88342527
1787125281535764124	95354879
1787125281640534500	83623935
1787125281742716734	83689471
1787125281844918851	83165183
1787125281926081783	95682559
1787125282007815865	95748095
1787125282090159030	95617023
1787125282191306627	82903039
1787125282272231061	81133567
1787125282373401417	83165183
1787125282454346591	81330175
1787125282555481202	83165183
1787125282659538314	88604671
1787125282760760129	88670207
1787125282843943857	61538303
1787125282965715335	88735743
1787125283069975888	88866815
1787125283150913978	88932351
1787125283259940265	95551487
1787125283366547897	95682559
1787125283472517866	88866815
1787125283555739660	83558399
1787125283663538252	88932351
1787125283767006352	89063423
1787125283868284924	61702143
1787125283976532153	88997887
1787125284080843738	88932351
1787125284187735384	96010239
1787125284271977884	96075775
1787125284375907610	89128959
1787125284481007394	95420415
1787125284583721622	95551487
1787125284687531379	94830591
1787125284775558969	89194495
1787125284858542666	94568447
1787125284963645697	88604671
1787125285047510860	81461247
1787125285152822804	88801279
1787125285238456585	88866815
1787125285343940121	61800447
1787125285428538139	94437375
1787125285531541126	94437375
1787125285628544338	81592319
1787125285711917275	94306303
1787125285794625212	88997887
1787125285895846374	88866815
1787125286001406183	88801279
1787125286063051024	84606975
1787125286165257900	88932351
1787125286269544864	93585407
1787125286352938163	88997887
1787125286457560903	93454335
1787125286539536039	88997887
1787125286642498759	93061119
1787125286726562193	109314047
1787125286809763048	109248511
1787125286912531874	93126655
1787125286995673374	108855295
1787125287076620570	93126655
1787125287158480881	93061119
1787125287259725834	89128959
1787125287361800569	93061119
1787125287485129005	93126655
1787125287548639734	93126655
1787125287650743615	93126655
1787125287733560054	108199935
1787125287836419028	92995583
1787125287918258304	92798975
1787125288000524988	88735743
1787125288123824035	108068863
1787125288204735756	92798975
1787125288309257402	108003327
1787125288395539564	88342527
1787125288497481895	88408063
1787125288602601477	84803583
1787125288711035799	88604671
1787125288835091701	84541439
1787125288918938771	92864511
1787125289022127381	88408063
1787125289125310506	84475903
1787125289209715202	88473599
1787125289311384172	88342527
1787125289395066810	84606975
1787125289482768769	92405759
1787125289590522925	88473599
1787125289676435162	82313215
1787125289761414645	91947007
1787125289844542427	60522495
1787125289927730732	88735743
1787125290032270873	91357183
1787125290114671062	88604671
1787125290216929336	91488255
1787125290300052097	91357183
1787125290406547860	91422719
1787125290511513436	60424191
1787125290638538863	91226111
1787125290720954476	60522495
1787125290805526071	60555263
1787125290907975345	85524479
1787125290989587370	91488255
1787125291072551791	85655551
1787125291178406653	88604671
1787125291261174455	91160575
1787125291344567014	50823167
1787125291451532454	88735743
1787125291538500690	91422719
1787125291643772977	91488255
1787125291729535044	88997887
1787125291855793087	85721087
1787125291919017096	89063423
1787125292029517644	85655551
1787125292115516478	91488255
1787125292220763861	91488255
1787125292302542303	91226111
1787125292385509365	109379583
1787125292481533612	109314047
1787125292579849961	59768831
1787125292685032050	90898431
1787125292792949867	88932351
1787125292899928144	108986367
1787125293002886029	90898431
1787125293107793356	91029503
1787125293170211112	85655551
1787125293276095999	91095039
1787125293360556025	91095039
1787125293444388770	88670207
1787125293550547379	91095039
1787125293662204637	91160575
1787125293787582569	88342527
1787125293872631384	91095039
1787125293959386989	88080383
1787125294065588695	91095039
1787125294170536982	90963967
1787125294271642246	90898431
1787125294353732973	90636287
1787125294481509998	83492863
1787125294567644185	90767359
1787125294673180626	87752703
1787125294738744710	83099647
1787125294847715880	87621631
1787125294950761565	86638591
1787125295031716999	90570751
1787125295133152303	86573055
1787125295235721603	58753023
1787125295336890081	90767359
1787125295439516941	87425023
1787125295501764593	58753023
1787125295604050488	90701823
1787125295686998791	51281919
1787125295809245351	86769663
1787125295911754121	87228415
1787125296035154497	86900735
1787125296138339861	87228415
1787125296241753521	87031807
1787125296322755549	87097343
1787125296424388806	91029503
1787125296525459268	83886079
1787125296627951071	87359487
1787125296711956118	86966271
1787125296795539921	91226111
1787125296896697256	87228415
1787125296997863746	91160575
1787125297078845576	86704127
1787125297182734149	86638591
1787125297269068665	86573055
1787125297374569776	86900735
1787125297459524785	86114303
1787125297546638293	86048767
1787125297655033093	86114303
1787125297738041020	86048767
1787125297821746690	87293951
1787125297922850481	87359487
1787125298024981562	87359487
1787125298147110004	87228415
1787125298230229814	56623103
1787125298320547495	90963967
1787125298426538690	86048767
1787125298509975578	84082687
1787125298595548221	87687167
1787125298698962837	86048767
1787125298781176005	58556415
1787125298884225236	86114303
1787125298967394024	86048767
1787125299071417590	90963967
1787125299160043153	86048767
1787125299243523469	51085311
1787125299347776002	91095039
1787125299430905832	84803583
1787125299513530076	91226111
1787125299616998282	111214591
1787125299740974693	111214591
1787125299824715900	91029503
1787125299937229805	88211455
1787125300018739870	111083519
1787125300119934141	90570751
1787125300204569809	84279295
1787125300312051499	111214591
1787125300396485760	90767359
1787125300519758383	88145919
1787125300669830814	90963967
1787125300775775374	57671679
1787125300880289350	88145919
1787125300984967871	85000191
1787125301089526623	86245375
1787125301196975021	86310911
1787125301303537378	85131263
1787125301388775630	50757631
1787125301483802894	111673343
1787125301564977267	86245375
1787125301670405122	86376447
1787125301757541631	91553791
1787125301838487367	91357183
1787125301965790734	88735743
1787125302051575045	111673343
1787125302169480751	111411199
1787125302257611883	54984703
1787125302320537745	91619327
1787125302403529738	88735743
1787125302486533818	110493695
1787125302610069542	109969407
1787125302718825398	88932351
1787125302811526907	91881471
1787125302922617542	86769663
1787125303026556992	91947007
1787125303132914938	86376447
1787125303235563111	92143615
1787125303337917373	85917695
1787125303440614841	89391103
1787125303542997750	92078079
1787125303645509375	89456639
1787125303748730097	89456639
1787125303830156123	57573375
1787125303915569647	92012543
1787125304018948357	87097343
1787125304121563799	89325567
1787125304206175075	91947007
1787125304287124915	86507519
1787125304392852218	110034943
1787125304496730779	109969407
1787125304618652548	91815935
1787125304702937592	91947007
1787125304785275207	57114623
1787125304893400110	86573055
1787125305005698617	92143615
1787125305086617840	92274687
1787125305188783355	89587711
1787125305293532763	55279615
1787125305384776574	89849855
1787125305470723984	54820863
1787125305555525139	86835199
1787125305657772023	89915391
1787125305743539492	53936127
1787125305846220075	92602367
1787125305929071009	87752703
1787125306034528035	89980927
1787125306117964415	87883775
1787125306204928209	89784319
1787125306312536575	53411839
1787125306416947441	89784319
1787125306520442724	87818239
1787125306603518149	89980927
1787125306708328912	57442303
1787125306791932561	93126655
1787125306875422503	93192191
1787125306944535281	88080383
1787125307068561751	93323263
1787125307173418533	93192191
1787125307279705664	86966271
1787125307373171662	88408063
1787125307477233821	93192191
1787125307566687676	88408063
1787125307670866854	90570751
1787125307774486472	88604671
1787125307878723705	88735743
1787125307981751335	93454335
1787125308073532983	90898431
1787125308182660643	88866815
1787125308269547759	93650943
1787125308354944151	88670207
1787125308458946286	91095039
1787125308562762173	91160575
1787125308647018501	93519871
1787125308751543763	91291647
1787125308857076602	88408063
1787125308978538961	93782015
1787125309063792004	93782015
1787125309167401264	44269567
1787125309273523496	110166015
1787125309375529800	110166015
1787125309479553403	91357183
1787125309568130275	94109695
1787125309671984454	93978623
1787125309757529732	90832895
1787125309840819494	94044159
1787125309955879746	87490559
1787125310041399808	109510655
1787125310153513183	90570751
1787125310255786231	90636287
1787125310339137956	90701823
1787125310446078275	87752703
1787125310540520129	90832895
1787125310648932990	87818239
1787125310735164367	94175231
1787125310857534654	87949311
1787125310918243540	94306303
1787125311041134018	58261503
1787125311123471019	91160575
1787125311228529789	87883775
1787125311332124067	91291647
1787125311436525347	94240767
1787125311539809024	91291647
1787125311623647923	91226111
1787125311730205123	94109695
1787125311815120398	91226111
1787125311918315798	87556095
1787125312021558566	94044159
1787125312102734462	54427647
1787125312185526891	87687167
1787125312288197362	93716479
1787125312348933885	93782015
1787125312473592588	87883775
1787125312575083211	86966271
1787125312656699397	58589183
1787125312738930520	93913087
1787125312841170209	88014847
1787125312943930490	91095039
1787125313025525749	58523647
1787125313106448205	90963967
1787125313209571173	87228415
1787125313313524295	94306303
1787125313416540045	87293951
1787125313499277320	91029503
1787125313600498320	94633983
1787125313703526712	87556095
1787125313806951256	87621631
1787125313910222572	87621631
1787125314013527202	94830591
1787125314074579185	91160575
1787125314197544349	94699519
1787125314278507796	91095039
1787125314382466554	87293951
1787125314486019384	94961663
1787125314588191730	87228415
1787125314690398679	112066559
1787125314792482144	91357183
1787125314895427112	90963967
1787125314998585044	90898431
1787125315120974818	95158271
1787125315202238631	54558719
1787125315284775392	90898431
1787125315367547288	57671679
1787125315448520490	90701823
1787125315552632190	88145919
1787125315676730720	90701823
1787125315759002875	95158271
1787125315861291983	58032127
1787125315984545947	90832895
1787125316065532087	95354879
1787125316167247792	90963967
1787125316270753973	90963967
1787125316357089501	90963967
1787125316441844368	90963967
1787125316549330165	94765055
1787125316631819935	94699519
1787125316738598713	91095039
1787125316843327750	94568447
1787125316950748420	87687167
1787125317035732285	90832895
1787125317158652059	87818239
1787125317242050872	90570751
1787125317347236849	90701823
1787125317454529319	88080383
1787125317543551643	88080383
1787125317627485193	95027199
1787125317729547446	88211455
1787125317794539408	95092735
1787125317921526022	88014847
1787125318008843943	90963967
1787125318116932746	87425023
1787125318213163220	95223807
1787125318316027471	91226111
1787125318399276977	87621631
1787125318507589018	90701823
1787125318616724433	88408063
1787125318720729529	43581439
1787125318824125396	95289343
1787125318908532811	95289343
1787125319037283736	113049599
1787125319121588537	95092735
1787125319246523458	57769983
1787125319329903676	89522175
1787125319436727064	53837823
1787125319538398360	89718783
1787125319640770590	89784319
1787125319723402398	112459775
1787125319827754729	94961663
1787125319909560839	94896127
1787125320010727089	89128959
1787125320093526661	95092735
1787125320194746657	95092735
1787125320278158066	95092735
1787125320399578916	88342527
1787125320481566091	112459775
1787125320582731407	95354879
1787125320707308770	95092735
1787125320791548511	95223807
1787125320892729680	95223807
1787125320996544554	95027199
1787125321077482137	88997887
1787125321163225883	95027199
1787125321264536064	88604671
1787125321346562056	95158271
1787125321449430968	48332799
1787125321553528158	88866815
1787125321636441616	88866815
1787125321737537508	88932351
1787125321840120005	95420415
1787125321924850384	52625407
1787125322009554416	95551487
1787125322092752323	89128959
1787125322174772684	56819711
1787125322276965933	95617023
1787125322378982572	52396031
1787125322462058966	95617023
1787125322565768215	89587711
1787125322649048515	89260031
1787125322752428583	89784319
1787125322875167047	95551487
1787125322956457196	89718783
1787125323058536767	89718783
1787125323161535470	95485951
1787125323262661554	95420415
1787125323364633318	56885247
1787125323467518755	89784319
1787125323568771397	89915391
1787125323673540462	89653247
1787125323776730411	89784319
1787125323879520691	89915391
1787125323980697205	89849855
1787125324083206171	90111999
1787125324165511807	57638911
1787125324289193786	89980927
1787125324371154319	96075775
1787125324474753277	90111999
1787125324577068788	90243071
1787125324663746916	57802751
1787125324770533224	57835519
1787125324875758646	96206847
1787125324998256861	90111999
1787125325101522269	90636287
1787125325186064013	95617023
1787125325291857820	95420415
1787125325376608383	90767359
1787125325477753688	95092735
1787125325560535569	89063423
1787125325644949557	57835519
1787125325749327408	91029503
1787125325832326946	57966591
1787125325953582250	114098175
1787125326017833057	114163711
1787125326122545579	90439679
1787125326206770151	91029503
1787125326292739500	90439679
1787125326402015539	57966591
1787125326485746732	95485951
1787125326578536026	90505215
1787125326666531083	42795007
1787125326751992486	95682559
1787125326840148399	90636287
1787125326926737458	95879167
1787125327032413081	53444607
1787125327118527559	95879167
1787125327200803991	89391103
1787125327303516463	96010239
1787125327384475577	91226111
1787125327490751297	53313535
1787125327571755899	95944703
1787125327673140213	58818559
1787125327775156768	89784319
1787125327877982779	95944703
1787125327961134681	95944703
1787125328063602012	96010239
1787125328147172531	96010239
1787125328229543468	53182463
1787125328313068452	90243071
1787125328396527279	90046463
1787125328499682874	90111999
1787125328584551610	89915391
1787125328669772735	52920319
1787125328771716259	114753535
1787125328853740787	114622463
1787125328957313445	96141311
1787125329061541754	91226111
1787125329165109508	96337919
1787125329247588631	91422719
1787125329351777120	96206847
1787125329454992479	90308607
1787125329558733077	96141311
1787125329661047924	95879167
1787125329763077695	90701823
1787125329845263918	95223807
1787125329951536207	90439679
1787125330056560338	95027199
1787125330161558357	90898431
1787125330244884501	95092735
1787125330326239917	114032639
1787125330430414076	90243071
1787125330533543977	95027199
1787125330615605146	90243071
1787125330701543150	95158271
1787125330785255160	91226111
1787125330869540978	114032639
1787125330952217314	89718783
1787125331035062776	91291647
1787125331139764841	95092735
1787125331221747124	45252607
1787125331304213447	91095039
1787125331386954574	94765055
1787125331469269911	90570751
1787125331550395038	94633983
1787125331652406804	90636287
1787125331735303085	114556927
1787125331840621853	89522175
1787125331922121225	94306303
1787125332003766354	90308607
1787125332085546758	93782015
1787125332189340969	93585407
1787125332271979085	93323263
1787125332354544101	93126655
1787125332456078533	57737215
1787125332560141271	113704959
1787125332667539344	93257727
1787125332773528582	93061119
1787125332881542001	91947007
1787125332967758296	91947007
1787125333051895699	93061119
1787125333134780833	92995583
1787125333238935602	91160575
1787125333343532942	113639423
1787125333427548977	92995583
1787125333535961795	89718783
1787125333620755658	92864511
1787125333725549893	89784319
1787125333812543725	92864511
1787125333914003996	92798975
1787125334018989916	92733439
1787125334125540627	91619327
1787125334207538320	92536831
1787125334315732164	89980927
1787125334418925619	91881471
1787125334500757016	92536831
1787125334612560357	91553791
1787125334718603309	91357183
1787125334803299334	92405759
1787125334908207096	92274687
1787125335035553027	91553791
1787125335118541632	92274687
1787125335222978563	91750399
1787125335347967743	113508351
1787125335455225069	88408063
1787125335539216651	91684863
1787125335650531157	91684863
1787125335737536549	91684863
1787125335818575712	92733439
1787125335923196336	58130431
1787125336027086325	91357183
1787125336129047816	91029503
1787125336209953767	88997887
1787125336290901898	113836031
1787125336393789513	90701823
1787125336475573459	113901567
1787125336578611545	91291647
1787125336662882301	113836031
1787125336764013824	89063423
1787125336865735722	93192191
1787125336948540199	93061119
1787125337051419847	58195967
1787125337134050885	113836031
1787125337216573135	113573887
1787125337318526964	113377279
1787125337400642072	93257727
1787125337482759486	52428799
1787125337583950564	93454335
1787125337687542374	90111999
1787125337789091643	91553791
1787125337870105372	93585407
1787125337951934118	93519871
1787125338056093200	93650943
1787125338138017600	93650943
1787125338241551931	91095039
1787125338323775730	93782015
1787125338405183832	89325567
1787125338510449536	93913087
1787125338613095779	58097663
1787125338696545715	94044159
1787125338801864001	89325567
1787125338885534713	91357183
1787125338990563650	91095039
1787125339093407319	94306303
1787125339175538000	57540607
1787125339259042595	89194495
1787125339339990250	94437375
1787125339441967156	94502911
1787125339543146670	94306303
1787125339626783590	91029503
1787125339709419282	91029503
1787125339810593661	94502911
1787125339891542907	113180671
1787125339996771557	88539135
1787125340098081025	88670207
1787125340201987225	94371839
1787125340303224521	94175231
1787125340406763801	91291647
1787125340512573324	91291647
1787125340593931570	89063423
1787125340676435982	91488255
1787125340779164001	94240767
1787125340862730754	88276991
1787125340988797116	91488255
1787125341072632499	91488255
1787125341181526113	94437375
1787125341270528539	89063423
1787125341352542813	89194495
1787125341458012914	94240767
1787125341588591329	89128959
1787125341671526256	93913087
1787125341773762694	91226111
1787125341858946379	91226111
1787125341940283403	94109695
1787125342025710343	50233343
1787125342129989749	90701823
1787125342196469384	90636287
1787125342299961822	89260031
1787125342381727639	94240767
1787125342468199047	94306303
1787125342554291798	89522175
1787125342683856669	94502911
1787125342764760603	88211455
1787125342868531405	90505215
1787125342976559295	90439679
1787125343086525196	113639423
1787125343174079085	94568447
1787125343249739226	88473599
1787125343335535369	94568447
1787125343439537786	89391103
1787125343526662887	113704959
1787125343630516577	94502911
1787125343755321695	89653247
1787125343840811251	87949311
1787125343929539974	87752703
1787125344033846510	94633983
1787125344116754615	90898431
1787125344219027328	94240767
1787125344321482760	90963967
1787125344403519728	94175231
1787125344508757970	89653247
1787125344590913039	113639423
1787125344693750537	113639423
1787125344775147670	57737215
1787125344858985409	90767359
1787125344960183432	94437375
1787125345062406943	94109695
1787125345143383034	90046463
1787125345244645946	113508351
1787125345347134223	90832895
1787125345432184277	93847551
1787125345533285082	89260031
1787125345634568463	93519871
1787125345736150396	57671679
1787125345817115283	93323263
1787125345919547478	90701823
1787125346000478054	93454335
1787125346102682302	93388799
1787125346204830722	112656383
1787125346285778585	90177535
1787125346390539295	90243071
1787125346471475646	90243071
1787125346594768544	89194495
1787125346676513903	93126655
1787125346758894149	90374143
1787125346860033700	89391103
1787125346966561087	93257727
1787125347047503501	89325567
1787125347151538579	90570751
1787125347252749221	87097343
1787125347354503513	90636287
1787125347435944206	92798975
1787125347540981734	89980927
1787125347643298415	92864511
1787125347746742838	92995583
1787125347829124122	92995583
1787125347931168450	93061119
1787125348033225657	92995583
1787125348117657483	89391103
1787125348219532743	88735743
1787125348300522969	88735743
1787125348381656092	86704127
1787125348486542495	93061119
1787125348567539882	114032639
1787125348668897401	88997887
1787125348752527714	86769663
1787125348833454378	89063423
1787125348937075392	56786943
1787125349020555905	113836031
1787125349103588990	88997887
1787125349191254486	113836031
1787125349294980720	93257727
1787125349376527071	89063423
1787125349479745876	89063423
1787125349541943667	93257727
1787125349645645546	87949311
1787125349750549918	87883775
1787125349836763391	93519871
1787125349919529185	89063423
1787125350024772519	113901567
1787125350113551395	89128959
1787125350219661528	93323263
1787125350305839741	89194495
1787125350411194053	93519871
1787125350495544126	87359487
1787125350579149608	93650943
1787125350687537666	89522175
1787125350771482488	89391103
1787125350896533610	93519871
1787125350980744383	87752703
1787125351089109828	113967103
1787125351173613284	87752703
1787125351277979079	93847551
1787125351381396933	87752703
1787125351465739617	93913087
1787125351573000732	93650943
1787125351655800073	56557567
1787125351761524153	93782015
1787125351868538522	90111999
1787125351975551119	93454335
1787125352064218007	90243071
1787125352168742751	87687167
1787125352271535486	93519871
1787125352373755130	87883775
1787125352455761403	93519871
1787125352560186211	56360959
1787125352661944536	56033279
1787125352744237182	93716479
1787125352845447336	55705599
1787125352927629766	114491391
1787125353029999483	46858239
1787125353111943724	114556927
1787125353215746638	114622463
1787125353297541853	93454335
1787125353378705980	47054847
1787125353459776140	93519871
1787125353542171825	88539135
1787125353643328699	93650943
1787125353746725384	93782015
1787125353847941136	90963967
1787125353930978023	93847551
1787125354033136121	93716479
1787125354134618946	113704959
1787125354217536384	113508351
1787125354298515611	91226111
1787125354382734432	93913087
1787125354483971457	87687167
1787125354586780370	88604671
1787125354667763789	93716479
1787125354751205716	91422719
1787125354854298811	113180671
1787125354935272486	113246207
1787125355037762563	93978623
1787125355161813598	93913087
1787125355263483980	93978623
1787125355366539517	87949311
1787125355448779893	93978623
1787125355571739953	93978623
1787125355674534657	93978623
1787125355775752415	91815935
1787125355878753845	56066047
1787125355981547238	94175231
1787125356103534779	87818239
1787125356184528430	87818239
1787125356245226101	92078079
1787125356366859090	92143615
1787125356448935169	94306303
1787125356552430010	92012543
1787125356635745848	91815935
1787125356716691430	91815935
1787125356798141619	91619327
1787125356879093875	91619327
1787125356982007309	91422719
1787125357064759779	91291647
1787125357171539599	87949311
1787125357255479656	91291647
1787125357341210611	94502911
1787125357443958484	91422719
1787125357545841337	114032639
1787125357629546124	94568447
1787125357734539865	55083007
1787125357817961747	94633983
1787125357902559450	55148543
1787125357983591055	94437375
1787125358086952111	94437375
1787125358170644122	94371839
1787125358276211428	113508351
1787125358402457251	91750399
1787125358488528070	93782015
1787125358572447874	88080383
1787125358677042687	87752703
1787125358740074383	92012543
1787125358828528222	87949311
1787125358914532511	92143615
1787125359019707390	94175231
1787125359124737580	91750399
1787125359208929037	94240767
1787125359290730245	88145919
1787125359375720741	94240767
1787125359460533409	94175231
1787125359543531161	87621631
1787125359648548966	94240767
1787125359752857795	93847551
1787125359856559547	93913087
1787125359964543828	113967103
1787125360048763100	90439679
1787125360151469580	90177535
1787125360235676207	94240767
1787125360340541065	87752703
1787125360425763919	94306303
1787125360529871810	54001663
1787125360611749211	94437375
1787125360712961158	94240767
1787125360797544678	113967103
1787125360901411851	113901567
1787125360984530242	94240767
1787125361088042954	113836031
1787125361172545673	113836031
1787125361275758621	90701823
1787125361358525255	94306303
1787125361442761883	90832895
1787125361547000574	90832895
1787125361648159664	93716479
1787125361774149165	90701823
1787125361876724789	93454335
1787125361979966730	90505215
1787125362062541250	44171263
1787125362144583347	88801279
1787125362225565089	37715967
1787125362327752442	88604671
1787125362430760593	54296575
1787125362532932112	88866815
1787125362616538061	54394879
1787125362718547948	94044159
1787125362820787834	88670207
1787125362923203529	94109695
1787125363027946204	114819071
1787125363132550039	114819071
1787125363234954265	94240767
1787125363336184686	88145919
1787125363419218136	94371839
1787125363522188605	53444607
1787125363623539962	88276991
1787125363724661727	91357183
1787125363826662811	89391103
1787125363927830087	37552127
1787125364029721250	89587711
1787125364131803981	91619327
1787125364212787216	89718783
1787125364314565325	94502911
1787125364395524541	94437375
1787125364476637374	114687999
1787125364580750708	94240767
1787125364663090097	87293951
1787125364746765155	94109695
1787125364850533818	94044159
1787125364952770555	91815935
1787125365058395750	44105727
1787125365165747469	89915391
1787125365247765406	89718783
1787125365334508869	91947007
1787125365417568120	94371839
1787125365502181246	89653247
1787125365588532374	92143615
1787125365696508442	94568447
1787125365798973252	86769663
1787125365905527295	89980927
1787125365989543258	94568447
1787125366094210024	89849855
1787125366178025088	94699519
1787125366282539482	52264959
1787125366369588747	92143615
1787125366450836918	94830591
1787125366557526144	89587711
1787125366643551437	89391103
1787125366726231879	94961663
1787125366829528831	89522175
1787125366930950023	89587711
1787125367020524152	94765055
1787125367126678059	92471295
1787125367233577829	86835199
1787125367319209750	95027199
1787125367402755726	86704127
1787125367507521751	94961663
1787125367592557363	115671039
1787125367674561477	95027199
1787125367779924852	95027199
1787125367865565297	51412991
1787125367950546183	86638591
1787125368054543646	95092735
1787125368160561727	115605503
1787125368246548632	93126655
1787125368330561030	95289343
1787125368436990224	95420415
1787125368519168644	95354879
1787125368622746853	86310911
1787125368727350468	93323263
1787125368829751957	89718783
1787125368911552811	93454335
1787125369035997490	95551487
1787125369116920455	93519871
1787125369218890980	95551487
1787125369300490443	93650943
1787125369403733065	95485951
1787125369505105494	50495487
1787125369589794597	50561023
1787125369691721691	95748095
1787125369793754378	89522175
1787125369898301154	115277823
1787125370002015015	94044159
1787125370084738929	95551487
1787125370166975210	93913087
1787125370248502755	95551487
1787125370331153494	95354879
1787125370415388274	89849855
1787125370498342586	94896127
1787125370602636578	89849855
1787125370684558860	93126655
1787125370786394592	94502911
1787125370867716117	114032639
1787125370948709948	89587711
1787125371052963335	94568447
1787125371135549472	94633983
1787125371237983517	94699519
1787125371320725961	94633983
1787125371423542665	86835199
1787125371504505870	94765055
1787125371605636367	94830591
1787125371709170773	89915391
1787125371791553321	94699519
1787125371894642890	90046463
1787125371977043727	94699519
1787125372079758845	114032639
1787125372182844814	94830591
1787125372285748396	94896127
1787125372386955893	113967103
1787125372467888587	89260031
1787125372570564636	94830591
1787125372653041577	94896127
1787125372755996184	86638591
1787125372838133266	93454335
1787125372939277167	89456639
1787125373021729527	95223807
1787125373126422396	93519871
1787125373251543323	95158271
1787125373340546387	113704959
1787125373428503840	95158271
1787125373515854266	95223807
1787125373619567422	87293951
1787125373722724619	93716479
1787125373805278068	87425023
1787125373886229366	89587711
1787125373989558617	93913087
1787125374096538293	89718783
1787125374198985519	87490559
1787125374282571040	94109695
1787125374370557457	48365567
1787125374453532532	114360319
1787125374559546826	94699519
1787125374662567665	94699519
1787125374745757122	94699519
1787125374857752697	94765055
1787125374941544923	93978623
1787125375026779868	94896127
1787125375132531645	95027199
1787125375218567884	93716479
1787125375286567460	95092735
1787125375391740281	113311743
1787125375495517456	93913087
1787125375582923773	93716479
1787125375685983841	93650943
1787125375792853775	95551487
1787125375880587920	93585407
1787125375984905406	89849855
1787125376073533588	95748095
1787125376175858342	95813631
1787125376258561306	95813631
1787125376341904698	113573887
1787125376423054976	87359487
1787125376504819941	113573887
1787125376606186616	113442815
1787125376708563273	95289343
1787125376790536738	95027199
1787125376871499570	93061119
1787125376972672656	95092735
1787125377055573558	113573887
1787125377156985403	87293951
1787125377258093825	94830591
1787125377339663669	47349759
1787125377421839285	93257727
1787125377523203242	94830591
1787125377626447530	94896127
1787125377727631203	94961663
1787125377828733257	47611903
1787125377911142446	41091071
1787125378015000876	93782015
1787125378116141735	29622271
1787125378219479997	93913087
1787125378308042919	88866815
1787125378392591356	95289343
1787125378494713937	88932351
1787125378596927915	94044159
1787125378699530995	95420415
1787125378801478132	41680895
1787125378902651779	95420415
1787125378985922769	89325567
1787125379109532198	95420415
1787125379190518306	95354879
1787125379293792694	94306303
1787125379376853780	87949311
1787125379478186256	95420415
1787125379580495343	89325567
1787125379661561435	94502911
1787125379764262527	113115135
1787125379867177197	94568447
1787125379948209927	95748095
1787125380052513112	94699519
1787125380134760327	94306303
1787125380240589264	95682559
1787125380321557761	113049599
1787125380424155101	89194495
1787125380506531518	89260031
1787125380608368077	112984063
1787125380691548025	94175231
1787125380775180130	96141311
1787125380877350330	112787455
1787125380982001879	96010239
1787125381043393528	96075775
1787125381145715480	96075775
1787125381258524141	96141311
1787125381339473129	95879167
1787125381448532285	113115135
1787125381552252690	95748095
1787125381659539657	93978623
1787125381763530918	93716479
1787125381846300842	88932351
1787125381930740548	47087615
1787125382036638925	95748095
1787125382124264495	95551487
1787125382229220979	113311743
1787125382315538953	88604671
1787125382412269223	88735743
1787125382500345982	93650943
1787125382608319399	113508351
1787125382692592852	95617023
1787125382807017927	95551487
1787125382913952794	95551487
1787125382999795526	95551487
1787125383103440938	94175231
1787125383170398329	95354879
1787125383252750080	95420415
1787125383359559626	95092735
1787125383442528274	47841279
1787125383547549652	87162879
1787125383631013391	95158271
1787125383735715520	88670207
1787125383816696439	87031807
1787125383924541403	94437375
1787125384011615907	47677439
1787125384114027993	88735743
1787125384200540156	47054847
1787125384282556663	94306303
1787125384393938880	46956543
1787125384476547465	95551487
1787125384569920862	89063423
1787125384672302098	94175231
1787125384774709821	95748095
1787125384876543772	95551487
1787125384964731671	87687167
1787125385070525768	95813631
1787125385176069563	46301183
1787125385264545788	95879167
1787125385365704313	87883775
1787125385448745655	95944703
1787125385571556560	95879167
1787125385674550017	114229247
